Entire apartment in VIII Arrondissement,"Amazing 2 rooms, heart of the Champs Elysees!",4.71,Rating 4.71 out of 5; 18 reviews ,"Previous price:$4,087; Discounted price:$2,134",2 guests,1 bedroom,1 bed,1 bath. Washer,Kitchen,Wifi,Pets allowed. 
Entire apartment in Commerce - Dupleix,CHARMING STUDIO - PARIS 15 DISTRICT,4.15,Rating 4.15 out of 5; 102 reviews ,"Previous price:$2,804; Discounted price:$1,314",2 guests,Studio,1 bed,1 bath. Kitchen,Wifi. 
Entire apartment in Ch√¢telet - Les Halles - Beaubourg,Cosy and new apartment center of Paris,4.63,Rating 4.63 out of 5; 46 reviews ,"Previous price:$9,566; Discounted price:$2,745",4 guests,1 bedroom,2 beds,1 bath. Washer,Kitchen,Elevator,Wifi. 
Entire apartment in II Arrondissement,Charming apartment Grands Boulevards,No Ratings Available,No Ratings Available,"Price:$2,207",6 guests,2 bedrooms,4 beds,1.5 baths. Hosted by a business,Washer,Kitchen,Wifi. 
Entire apartment in X Arrondissement,Fabulous Design LOFT 4P- High Marais / R√©publique,4.47,Rating 4.47 out of 5; 49 reviews ,"Previous price:$3,484; Discounted price:$2,423",4 guests,1 bedroom,2 beds,1.5 baths. Kitchen,Wifi,Dishwasher,Air conditioning. 
Entire condominium in XIX Arrondissement,STUDIO IN THE GREEN HEART OF PARIS,4.84,Rating 4.84 out of 5; 303 reviews ,"Previous price:$2,142; Discounted price:$1,501",2 guests,Studio,1 bed,1 bath. Washer,Kitchen,Wifi. 
Entire apartment in Saint-Germain-des-Pr√©s - Od√©on,JARDIN DU LUXEMBOURG / Bail Mobilit√©,No Ratings Available,No Ratings Available,"Previous price:$4,670; Discounted price:$3,135",4 guests,2 bedrooms,2 beds,1 bath. Hosted by a business,Washer,Kitchen,Wifi. 
Entire apartment in Le Marais,COEUR du MARAIS Tres Bel Appartement avec Balcon,4.91,Rating 4.91 out of 5; 44 reviews ,"Previous price:$5,722; Discounted price:$3,201",4 guests,1 bedroom,2 beds,1 bath. Washer,Kitchen,Wifi,Dishwasher. 
Entire serviced apartment in XVII Arrondissement,Chambre s√©jours longue dur√©e - sans cuisine,4.67,Rating 4.67 out of 5; 3 reviews ,"Previous price:$3,400; Discounted price:$1,163",2 guests,1 bedroom,1 bed,1 bath. Kitchen,Wifi,Pets allowed,Air conditioning. 
Entire condominium in Nanterre,Cosy flat close to tourist sites,4.29,Rating 4.29 out of 5; 7 reviews ,"Price:$1,025",2 guests,1 bedroom,1 bed,1 bath. Kitchen,Wifi. 
Entire apartment in XIX Arrondissement,COSY STUDIO CANAL ST MARTIN / BUTTES CHAUMONT,4.54,Rating 4.54 out of 5; 59 reviews ,"Previous price:$1,347; Discounted price:$1,156",2 guests,Studio,1 bed,1 bath. Kitchen,Wifi. 
Entire apartment in I Arrondissement,Louvre - Richelieu 210: cosy flat for 2,4.22,Rating 4.22 out of 5; 9 reviews ,"Previous price:$2,407; Discounted price:$1,371",2 guests,Studio,1 bed,1 bath. Hosted by a business,Elevator,Wifi,Self check-in. 
Entire apartment in Tour Eiffel - Champ de Mars,Atypical duplex  with cachet near Eiffel Tower 4 P,4.71,Rating 4.71 out of 5; 187 reviews ,"Previous price:$5,646; Discounted price:$2,110",4 guests,1 bedroom,2 beds,1.5 baths. Washer,Kitchen,Wifi,Pets allowed. 
Entire apartment in Montmartre,Charming at Montmartre & rue Lepic- mobility lease,4.73,Rating 4.73 out of 5; 77 reviews ,"Previous price:$3,046; Discounted price:$1,679",2 guests,Studio,1 bed,1 bath. Kitchen,Wifi. 
Entire apartment in P√®re Lachaise - M√©nilmontant,New studio in great location,4.73,Rating 4.73 out of 5; 15 reviews ,"Previous price:$1,851; Discounted price:$1,371",2 guests,Studio,1 bed,1 bath. Kitchen,Wifi,Air conditioning. 
Entire loft in XVIII Arrondissement,Amazing studio near Montmartre - Mobility lease !,5.0,Rating 5.0 out of 5; 7 reviews ,"Previous price:$2,846; Discounted price:$1,723",2 guests,Studio,1 bed,1 bath. Washer,Kitchen,Wifi,Breakfast. 
Entire apartment in Le Marais,(New) FRENCH CHERRY  - Village Marais,4.86,Rating 4.86 out of 5; 14 reviews ,"Previous price:$5,371; Discounted price:$2,523",4 guests,1 bedroom,3 beds,1 bath. Washer,Kitchen,Wifi,Dishwasher. 
Entire apartment in X Arrondissement,Small artist studio,4.28,Rating 4.28 out of 5; 238 reviews ,"Previous price:$2,555; Discounted price:$1,413",3 guests,1 bedroom,0 beds,1 bath. Kitchen,Wifi,Self check-in. 
Entire condominium in XI Arrondissement,Lovely Studio P√®re lachaise,4.67,Rating 4.67 out of 5; 193 reviews ,"Previous price:$1,459; Discounted price:$1,210",2 guests,1 bedroom,1 bed,1 bath. Kitchen,Wifi. 
Entire townhouse in Drancy,SUPERBE CHAMBRE SPACIEUSE #7,No Ratings Available,No Ratings Available,"Price:$1,198",4 guests,1 bedroom,2 beds,1 bath. Washer,Kitchen,Wifi,Free parking. 
Entire apartment in II Arrondissement,Charming and new apartment center of Paris,4.85,Rating 4.85 out of 5; 33 reviews ,"Previous price:$7,488; Discounted price:$2,003",4 guests,1 bedroom,2 beds,1 bath. Washer,Kitchen,Wifi,Dishwasher. 
Entire apartment in I Arrondissement,Luxury Apartment Paris Louvre III,No Ratings Available,No Ratings Available,"Previous price:$8,974; Discounted price:$4,479",2 guests,1 bedroom,1 bed,1.5 baths. Hosted by a business,Washer,Kitchen,Wifi. 
Entire apartment in Ternes,Parisian style - Residential area - 1 bedrom Apt.,4.87,Rating 4.87 out of 5; 54 reviews ,"Previous price:$5,417; Discounted price:$2,766",4 guests,1 bedroom,2 beds,1 bath. Washer,Kitchen,Elevator,Wifi. 
Entire apartment in Quartier Latin,Saint Germain Lovely 3 Room --- 1 month min.rental,4.59,Rating 4.59 out of 5; 17 reviews ,"Price:$2,192",4 guests,1 bedroom,2 beds,1 bath. Washer,Kitchen,Elevator,Wifi. 
Entire apartment in Colombes,Studio √† 15 min du centre de Paris & la D√©fense,4.82,Rating 4.82 out of 5; 11 reviews ,"Previous price:$2,317; Discounted price:$1,125",2 guests,Studio,1 bed,1 bath. Washer,Kitchen,Wifi,Self check-in. 
Entire apartment in VII Arrondissement,Charming studio Orsay Museum,4.58,Rating 4.58 out of 5; 162 reviews ,"Previous price:$6,781; Discounted price:$1,905",2 guests,Studio,1 bed,1 bath. Hosted by a business,Washer,Kitchen,Elevator. 
Entire apartment in XVI Arrondissement,"New design studio. Eiffel Tower, Passy, Seine Quay",4.58,Rating 4.58 out of 5; 66 reviews ,"Previous price:$2,134; Discounted price:$1,391",2 guests,Studio,1 bed,1 bath. Kitchen,Elevator,Wifi,Air conditioning. 
Entire apartment in Courbevoie,"PARIS-LA D√âFENSE, STUDIO MEUBL√â",5.0,Rating 5.0 out of 5; 4 reviews ,"Previous price:$1,968; Discounted price:$1,123",2 guests,Studio,1 bed,1 bath. Kitchen,Wifi. 
Entire loft in XVII Arrondissement,near champs elys√©es madeleine,4.68,Rating 4.68 out of 5; 118 reviews ,"Previous price:$2,086; Discounted price:$1,598",3 guests,1 bedroom,0 beds,1 bath. Washer,Kitchen,Elevator,Wifi. 
Entire apartment in Commerce - Dupleix,Lovely 1BR Flat with Balcony And Eiffel Tower View,4.86,Rating 4.86 out of 5; 7 reviews ,"Previous price:$2,803; Discounted price:$2,519",4 guests,1 bedroom,2 beds,1 bath. Hosted by a business,Washer,Kitchen,Elevator. 
Entire apartment in Saint-Germain-des-Pr√©s - Od√©on,Luxury One BR in Saint Germain with AC,4.76,Rating 4.76 out of 5; 45 reviews ,"Previous price:$4,191; Discounted price:$3,480",4 guests,1 bedroom,2 beds,1 bath. Washer,Kitchen,Wifi,Dishwasher. 
Entire apartment in VIII Arrondissement,Appartement 35m2 (2 pi√®ces) - Gare Saint-Lazare,5.0,Rating 5.0 out of 5; 3 reviews ,"Previous price:$2,958; Discounted price:$2,051",4 guests,1 bedroom,2 beds,1.5 baths. Hosted by a business,Washer,Kitchen,Elevator. 
Entire apartment in Paris,location de chambre dans un appartement √† Cr√©teil,No Ratings Available,No Ratings Available,Price:$803,2 guests,1 bedroom,1 bed,1 bath. Washer,Kitchen,Elevator,Wifi. 
Entire apartment in Saint-Germain-des-Pr√©s - Od√©on,Luxury 1 Bedroom St Germain - Bon March√©,4.92,Rating 4.92 out of 5; 13 reviews ,"Previous price:$5,069; Discounted price:$2,637",4 guests,1 bedroom,2 beds,1 bath. Kitchen,Wifi. 
Entire loft in XI Arrondissement,++ One of the coolest places you'll find here! ++,5.0,Rating 5.0 out of 5; 26 reviews ,"Previous price:$4,402; Discounted price:$3,647",2 guests,1 bedroom,0 beds,1 bath. Washer,Kitchen,Elevator,Wifi. 
Entire apartment in XI Arrondissement,"Petion Street, Voltaire station, Central Paris",4.75,Rating 4.75 out of 5; 85 reviews ,"Previous price:$4,779; Discounted price:$1,840",4 guests,1 bedroom,2 beds,1 bath. Hosted by a business,Washer,Kitchen,Wifi. 
Entire apartment in Le Marais,BEAUBOURG - MARAIS' VILLAGE,4.77,Rating 4.77 out of 5; 53 reviews ,"Previous price:$3,519; Discounted price:$1,833",2 guests,Studio,1 bed,1 bath. Washer,Kitchen,Elevator,Wifi. 
Entire apartment in VIII Arrondissement,Sublime and new apartment with terrace,4.25,Rating 4.25 out of 5; 42 reviews ,"Previous price:$8,049; Discounted price:$2,818",4 guests,1 bedroom,2 beds,1 bath. Washer,Kitchen,Wifi,Dryer. 
Entire apartment in Vaugirard,Charmant studio 15√®me arrondissement,No Ratings Available,No Ratings Available,"Previous price:$1,636; Discounted price:$1,352",2 guests,1 bedroom,2 beds,1 bath. Washer,Kitchen,Elevator,Wifi. 
Entire apartment in Invalides - Ecole Militaire,Studio Tour Eiffel/Invalides 7√®me arrondissement,No Ratings Available,No Ratings Available,"Previous price:$2,321; Discounted price:$1,426",2 guests,Studio,1 bed,1 bath. Wifi. 
Entire condominium in Le Marais,POITOU,4.60,Rating 4.60 out of 5; 5 reviews ,"Previous price:$4,087; Discounted price:$2,134",2 guests,1 bedroom,1 bed,1 bath. Washer,Kitchen,Wifi,Pets allowed. 
Entire apartment in IX Arrondissement,Splendid terrace magnificent view,4.90,Rating 4.90 out of 5; 386 reviews ,"Previous price:$3,784; Discounted price:$3,133",3 guests,1 bedroom,2 beds,1 bath. Kitchen,Elevator,Wifi. 
Entire apartment in Montmartre,Studio 9m2 Clair Calme Montmartre March√©,No Ratings Available,No Ratings Available,"Previous price:$1,505; Discounted price:$1,330",2 guests,1 bedroom,2 beds,1.5 baths. Kitchen. 
Entire apartment in IV Arrondissement,Historic Ile St Louis +Free Cruise,4.64,Rating 4.64 out of 5; 22 reviews ,"Previous price:$3,469; Discounted price:$2,217",3 guests,1 bedroom,2 beds,1 bath. Washer,Kitchen,Wifi,Dryer. 
Entire apartment in XIX Arrondissement,Charming cocoon near the Parc des Buttes-Chaumont,4.87,Rating 4.87 out of 5; 15 reviews ,"Previous price:$2,127; Discounted price:$1,762",2 guests,1 bedroom,1 bed,1 bath. Washer,Kitchen,Wifi. 
Entire apartment in IV Arrondissement,Studio au coeur du Marais,No Ratings Available,No Ratings Available,"Previous price:$3,076; Discounted price:$1,584",2 guests,1 bedroom,1 bed,1 bath. Washer,Elevator,Wifi,Dryer. 
Entire apartment in XVI Arrondissement,Superb One Bedroom in Paris 16th - Dauphine,No Ratings Available,No Ratings Available,"Price:$1,690",4 guests,1 bedroom,1 bed,1 bath. Washer,Kitchen,Wifi,Dishwasher. 
Entire apartment in II Arrondissement,Charming and new studio in heart of Paris,4.70,Rating 4.70 out of 5; 66 reviews ,"Previous price:$5,569; Discounted price:$1,757",3 guests,Studio,2 beds,1 bath. Hosted by a business,Washer,Kitchen,Wifi. 
Entire apartment in Ch√¢telet - Les Halles - Beaubourg,lovely and new apartment center of Paris,4.50,Rating 4.50 out of 5; 50 reviews ,"Previous price:$9,263; Discounted price:$2,745",4 guests,1 bedroom,2 beds,1 bath. Washer,Kitchen,Elevator,Wifi. 
Entire condominium in Montmartre,Sacr√© Petit Studio in the Coeur of Montmartre,4.79,Rating 4.79 out of 5; 54 reviews ,"Previous price:$2,736; Discounted price:$1,511",2 guests,1 bedroom,1 bed,1 bath. Washer,Kitchen,Wifi,Pets allowed. 
Entire apartment in VIII Arrondissement,Neuf & Cosy - Exclusif Champs Elys√©es,4.88,Rating 4.88 out of 5; 60 reviews ,"Previous price:$3,338; Discounted price:$2,770",4 guests,1 bedroom,2 beds,1 bath. Washer,Kitchen,Elevator,Wifi. 
Entire apartment in Porte de Versailles,NEW Studio R√©nov√© Calme Et Cosy,5.0,Rating 5.0 out of 5; 3 reviews ,"Previous price:$1,471; Discounted price:$1,268",2 guests,Studio,1 bed,1 bath. Washer,Kitchen,Wifi. 
Entire apartment in Le Marais,Spacious 1 Bedroom - Marais Rambuteau,4.67,Rating 4.67 out of 5; 6 reviews ,"Previous price:$8,670; Discounted price:$2,417",4 guests,1 bedroom,2 beds,1 bath. Washer,Kitchen,Elevator,Wifi. 
Entire apartment in Tour Eiffel - Champ de Mars,Charming flat near Eiffel Tower - Mobility Lease,4.75,Rating 4.75 out of 5; 114 reviews ,"Previous price:$4,114; Discounted price:$2,656",4 guests,1 bedroom,2 beds,1 bath. Washer,Kitchen,Wifi,Air conditioning. 
Entire apartment in IV Arrondissement,"Appartement r√©gularis√© dans le Marais, proche commerces, restaurants et m√©tro",4.86,Rating 4.86 out of 5; 71 reviews ,"Price:$4,924",6 guests,2 bedrooms,3 beds,2.5 baths. Washer,Kitchen,Elevator,Wifi. 
Entire apartment in IV Arrondissement,"Studio, 20m2 Place des Vosges area",4.80,Rating 4.80 out of 5; 442 reviews ,"Previous price:$3,251; Discounted price:$1,752",2 guests,1 bedroom,1 bed,1 bath. Hosted by a business,Washer,Kitchen,Wifi. 
Entire apartment in II Arrondissement,Cozy Flat Heart of Paris - Pompidou / Marais,4.76,Rating 4.76 out of 5; 389 reviews ,"Previous price:$3,608; Discounted price:$2,639",4 guests,1 bedroom,2 beds,1 bath. Washer,Kitchen,Wifi,Dishwasher. 
Entire apartment in Le Marais,Quiet Historic & Cute  +Free Cruise,4.77,Rating 4.77 out of 5; 23 reviews ,"Previous price:$3,272; Discounted price:$2,093",4 guests,1 bedroom,2 beds,1 bath. Washer,Kitchen,Wifi,Dryer. 
Entire apartment in II Arrondissement,Central apartment - Louvre,No Ratings Available,No Ratings Available,"Previous price:$2,331; Discounted price:$1,926",4 guests,1 bedroom,2 beds,1 bath. Hosted by a business,Kitchen,Wifi. 
Entire condominium in X Arrondissement,"LOCATION, COMFORT, CHARM AND EQUIPMENT",No Ratings Available,No Ratings Available,"Price:$2,089",2 guests,1 bedroom,1 bed,1 bath. Washer,Kitchen,Elevator,Wifi. 
Entire apartment in Quartier Latin,New:Saint-Germain/ latin-quater,4.77,Rating 4.77 out of 5; 82 reviews ,"Previous price:$4,507; Discounted price:$2,077",2 guests,1 bedroom,0 beds,1 bath. Kitchen,Wifi. 
Entire apartment in XII Arrondissement,ü§© Cosy Studio / Gare de Lyon - Bercy - Dugommier ü§©,4.93,Rating 4.93 out of 5; 14 reviews ,"Previous price:$1,681; Discounted price:$1,400",2 guests,Studio,1 bed,1 bath. Kitchen,Wifi. 
Entire apartment in VIII Arrondissement,COSY STUDIO CHAMPS-ELYS√âES/ARC DE TRIOMPHE‚ù§Ô∏è,4.88,Rating 4.88 out of 5; 8 reviews ,"Previous price:$2,056; Discounted price:$1,372",2 guests,1 bedroom,1 bed,1.5 baths. Washer,Kitchen,Wifi,Dryer. 
Entire apartment in Saint-Germain-des-Pr√©s - Od√©on,ROMANTIC FLAT IN SAINT-GERMAIN,4.83,Rating 4.83 out of 5; 104 reviews ,"Previous price:$3,270; Discounted price:$2,418",2 guests,1 bedroom,1 bed,1 bath. Washer,Kitchen,Wifi,Dishwasher. 
Entire apartment in IV Arrondissement,AU COEUR DU MARAIS- Bail Mobilit√©,4.67,Rating 4.67 out of 5; 12 reviews ,"Previous price:$2,951; Discounted price:$1,987",2 guests,Studio,1 bed,1 bath. Hosted by a business,Washer,Kitchen,Wifi. 
Entire apartment in XV Arrondissement,Studio avec 1 chambre parc des expo,4.86,Rating 4.86 out of 5; 178 reviews ,"Previous price:$2,106; Discounted price:$1,737",4 guests,1 bedroom,1 bed,1 bath. Washer,Kitchen,Elevator,Wifi. 
Entire apartment in Montmartre,Small Studio down-town Montmartre,4.14,Rating 4.14 out of 5; 7 reviews ,"Previous price:$2,304; Discounted price:$1,191",2 guests,Studio,1 bed,1 bath. Kitchen,Wifi. 
Entire condominium in Asni√®res-sur-Seine,Studio Cocooning de 38M2 vue sur la Seine,4.84,Rating 4.84 out of 5; 101 reviews ,"Previous price:$1,987; Discounted price:$1,417",3 guests,1 bedroom,2 beds,1 bath. Washer,Kitchen,Elevator,Wifi. 
Entire apartment in VIII Arrondissement,Flat in the heart of fancy Paris/Champs-Elysees,4.72,Rating 4.72 out of 5; 43 reviews ,"Previous price:$2,846; Discounted price:$1,976",3 guests,1 bedroom,2 beds,1 bath. Washer,Kitchen,Wifi,Pets allowed. 
Entire apartment in Gare de Lyon,Paris 12√®me Studio refait √† neuf avec parking,4.86,Rating 4.86 out of 5; 7 reviews ,"Previous price:$2,853; Discounted price:$2,157",2 guests,Studio,1 bed,1 bath. Washer,Kitchen,Elevator,Wifi. 
Entire apartment in VII Arrondissement,Charming apartment near Orsay museum,4.57,Rating 4.57 out of 5; 132 reviews ,"Previous price:$8,730; Discounted price:$2,671",4 guests,1 bedroom,2 beds,1 bath. Hosted by a business,Washer,Kitchen,Elevator. 
Entire apartment in Montmartre,The Montmartre suite,4.76,Rating 4.76 out of 5; 36 reviews ,"Previous price:$3,175; Discounted price:$1,784",3 guests,1 bedroom,2 beds,1 bath. Washer,Kitchen,Wifi. 
Entire apartment in Invalides - Ecole Militaire,Warm and modern appartement in the heart of Paris,5.0,Rating 5.0 out of 5; 5 reviews ,"Previous price:$1,931; Discounted price:$1,771",3 guests,1 bedroom,1 bed,1 bath. Washer,Kitchen,Elevator,Wifi. 
Entire apartment in XII Arrondissement,Nice apt with balcony near Bastille,4.67,Rating 4.67 out of 5; 134 reviews ,"Previous price:$2,441; Discounted price:$2,022",2 guests,1 bedroom,0 beds,1 bath. Kitchen,Elevator,Wifi,Dishwasher. 
Entire apartment in XIV Arrondissement,Try our boutique apartment !,4.62,Rating 4.62 out of 5; 54 reviews ,"Previous price:$1,350; Discounted price:$1,204",2 guests,Studio,1 bed,1 bath. Kitchen,Wifi,Self check-in. 
Entire apartment in XIV Arrondissement,Luxury apartment in Paris South - Near Metro II,No Ratings Available,No Ratings Available,"Previous price:$2,545; Discounted price:$1,806",4 guests,1 bedroom,2 beds,1 bath. Washer,Kitchen,Wifi,Dishwasher. 
Entire guest suite in Montreuil,Charming and quiet apartment close to Paris.,5.0,Rating 5.0 out of 5; 11 reviews ,"Previous price:$1,480; Discounted price:$1,095",2 guests,1 bedroom,2 beds,1.5 baths. Kitchen,Wifi,Self check-in,Free parking. 
Private room in Courbevoie,Lovely‚ü°spacious Bed&Breakfast‚ü°Transport‚ü°EiffelTwer,4.77,Rating 4.77 out of 5; 52 reviews ,"Previous price:$1,843; Discounted price:$872",2 guests,1 bedroom,1 bed,1 shared bath. Washer,Kitchen,Wifi. 
Entire apartment in Nation,Charmante studette calme & ind√©pendante,4.91,Rating 4.91 out of 5; 33 reviews ,"Previous price:$1,467; Discounted price:$1,084",2 guests,1 bedroom,1 bed,1 bath. Wifi,Self check-in,Free parking. 
Entire apartment in II Arrondissement,Luxury Apartment Paris Louvre,4.96,Rating 4.96 out of 5; 77 reviews ,"Previous price:$5,704; Discounted price:$2,811",2 guests,1 bedroom,1 bed,1 bath. Hosted by a business,Washer,Kitchen,Elevator. 
Entire apartment in Vaugirard,Nice studio between Commerce and the Eiffel Tower,No Ratings Available,No Ratings Available,"Previous price:$2,548; Discounted price:$1,882",4 guests,1 bedroom,2 beds,1 bath. Kitchen,Wifi,Self check-in,Free parking. 
Entire apartment in Montmartre,For students and professionals only - 1 month min Design apartment close to SACR√â-COEUR,No Ratings Available,No Ratings Available,"Price:$2,182",4 guests,1 bedroom,2 beds,1 bath. Hosted by a business,Washer,Kitchen,Wifi. 
Entire apartment in Saint-Germain-des-Pr√©s - Od√©on,Chic flat Luxembourg garden,No Ratings Available,No Ratings Available,"Price:$2,873",2 guests,1 bedroom,1 bed,1 bath. Washer,Kitchen,Elevator,Wifi. 
Entire apartment in IX Arrondissement,Lafayette - Saint-Lazare 61:  cosy flat for 2,4.50,Rating 4.50 out of 5; 14 reviews ,"Previous price:$2,472; Discounted price:$1,418",2 guests,Studio,1 bed,1 bath. Hosted by a business,Elevator,Wifi,Self check-in. 
Entire apartment in II Arrondissement,Functional studio near Op√©ra,4.24,Rating 4.24 out of 5; 193 reviews ,"Previous price:$3,228; Discounted price:$1,774",2 guests,1 bedroom,1 bed,1 bath. Washer,Kitchen,Wifi. 
Entire apartment in Vincennes,Belle adresse au c≈ìur de Vincennes,4.99,Rating 4.99 out of 5; 90 reviews ,"Price:$2,742",2 guests,1 bedroom,1 bed,1 bath. Washer,Kitchen,Wifi,Dishwasher. 
Entire apartment in XI Arrondissement,MAGNIFIQUE √âCRIN A BASTILLE,No Ratings Available,No Ratings Available,"Previous price:$2,031; Discounted price:$1,683",2 guests,Studio,1 bed,1 bath. Wifi,Breakfast. 
Entire condominium in Meudon,Chaleureux Studio ideal sejour Paris et Versailles,4.67,Rating 4.67 out of 5; 9 reviews ,"Previous price:$1,317; Discounted price:$1,024",2 guests,Studio,1 bed,1 bath. Washer,Kitchen,Wifi,Breakfast. 
Entire loft in XIV Arrondissement,Loft atelier d'artistes Montparnasse,4.69,Rating 4.69 out of 5; 30 reviews ,"Previous price:$3,004; Discounted price:$1,859",2 guests,1 bedroom,1 bed,1 bath. Washer,Kitchen,Wifi,Dishwasher. 
Entire apartment in XVII Arrondissement,Belle studette en plein coeur des Batignolles,5.0,Rating 5.0 out of 5; 8 reviews ,"Previous price:$2,172; Discounted price:$1,234",2 guests,Studio,1 bed,1 bath. Washer,Kitchen,Wifi,Breakfast. 
Entire apartment in X Arrondissement,Lovely appart. between Montmartre & Gare du Nord,4.92,Rating 4.92 out of 5; 38 reviews ,"Previous price:$3,529; Discounted price:$1,806",2 guests,1 bedroom,1 bed,1 bath. Washer,Kitchen,Elevator,Wifi. 
Entire apartment in XIV Arrondissement,Cosy studio sud de Paris (Alesia/Montparnasse),4.77,Rating 4.77 out of 5; 71 reviews ,"Previous price:$2,016; Discounted price:$1,464",2 guests,1 bedroom,1 bed,1.5 baths. Washer,Kitchen,Elevator,Wifi. 
Entire apartment in Montmartre,NEW! Amazing view over Paris a Montmarte,4.88,Rating 4.88 out of 5; 65 reviews ,"Previous price:$2,880; Discounted price:$1,902",4 guests,1 bedroom,2 beds,1 bath. Washer,Kitchen,Wifi,Dryer. 
Entire apartment in X Arrondissement,Beautiful & very quiet apartment with balcony,4.79,Rating 4.79 out of 5; 97 reviews ,"Previous price:$3,414; Discounted price:$1,867",2 guests,1 bedroom,1 bed,1 bath. Washer,Kitchen,Elevator,Wifi. 
Entire apartment in Le Marais,"Marais, 2 pi√®ces luxueux r√©nov√©, pr√®s rue Bretagne",4.49,Rating 4.49 out of 5; 126 reviews ,"Previous price:$2,845; Discounted price:$1,979",4 guests,1 bedroom,3 beds,1.5 baths. Washer,Kitchen,Wifi,Dishwasher. 
Entire apartment in XIV Arrondissement,Luxury apartment in Paris South - Near Metro XIII,No Ratings Available,No Ratings Available,"Previous price:$2,545; Discounted price:$1,806",4 guests,1 bedroom,2 beds,1 bath. Kitchen,Wifi,Air conditioning,Self check-in. 
Entire apartment in Le Marais,"MARAIS: APARTMENT QUIET, BRIGHT, RENOVE 2019",No Ratings Available,No Ratings Available,"Previous price:$3,849; Discounted price:$1,740",4 guests,1 bedroom,3 beds,1 bath. Washer,Kitchen,Wifi,Pets allowed. 
Entire apartment in II Arrondissement,Luxury duplex in the heart of Paris - Best area 4,4.38,Rating 4.38 out of 5; 8 reviews ,"Previous price:$3,839; Discounted price:$2,769",5 guests,1 bedroom,3 beds,1 bath. Kitchen,Elevator,Wifi,Air conditioning. 
Entire apartment in XX Arrondissement,2-bedroom ... Very Close to Paris (Vincennes),4.83,Rating 4.83 out of 5; 29 reviews ,"Previous price:$4,021; Discounted price:$2,245",4 guests,2 bedrooms,2 beds,1 bath. Washer,Kitchen,Wifi,Dishwasher. 
Room in serviced apartment in XVI Arrondissement,Chambre s√©jours longue dur√©e - sans cuisine,No Ratings Available,No Ratings Available,"Previous price:$2,517; Discounted price:$788",2 guests,1 bedroom,1 bed,1 private bath. Wifi,Air conditioning. 
Entire apartment in Le Marais,Apartment in the heart of the Marais neighborhood,4.77,Rating 4.77 out of 5; 149 reviews ,"Previous price:$¬†6,617; Discounted price:$¬†3,252",4 guests,1 bedroom,2 beds,1 bath. Washer,Kitchen,Wifi,Dishwasher. 
Entire apartment in Porte de Versailles,Calme et chaleureux 2 pi√®ces - Bail mobilit√©,No Ratings Available,No Ratings Available,"Price:$¬†1,666",2 guests,1 bedroom,2 beds,1 bath. Washer,Kitchen,Elevator,Wifi. 
Entire apartment in XI Arrondissement,Art Studio on courtyard with trees,4.48,Rating 4.48 out of 5; 546 reviews ,"Previous price:$¬†1,936; Discounted price:$¬†1,605",2 guests,Studio,1 bed,1 bath. Kitchen,Wifi,Self check-in. 
Entire apartment in VIII Arrondissement,Beautiful 1 BR Champs-Elys√©es Etoile,4.15,Rating 4.15 out of 5; 21 reviews ,"Previous price:$¬†6,663; Discounted price:$¬†2,312",4 guests,1 bedroom,2 beds,1.5 baths. Washer,Kitchen,Elevator,Wifi. 
Entire apartment in XI Arrondissement,Newly renovated 2BDR apartment-55m2-near Le Marais,4.93,Rating 4.93 out of 5; 61 reviews ,"Previous price:$¬†5,168; Discounted price:$¬†2,982",5 guests,2 bedrooms,3 beds,2 baths. Hosted by a business,Washer,Kitchen,Wifi. 
Entire apartment in XIV Arrondissement,Joli 2 pi√®ces 28 M¬≤ Quartier Al√©sia,No Ratings Available,No Ratings Available,"Price:$¬†1,417",2 guests,1 bedroom,1 bed,1 bath. Washer,Kitchen,Wifi. 
Entire loft in La Villette,Your Loft / One of a kind / Paris,3.75,Rating 3.75 out of 5; 7 reviews ,"Previous price:$¬†2,073; Discounted price:$¬†1,913",5 guests,1 bedroom,1 bed,2 baths. Washer,Kitchen,Elevator,Wifi. 
Entire apartment in Montmartre,Montmartre - Modern & cozy studio,4.89,Rating 4.89 out of 5; 27 reviews ,"Previous price:$¬†2,413; Discounted price:$¬†1,561",2 guests,Studio,1 bed,1.5 baths. Washer,Kitchen,Wifi. 
Entire apartment in II Arrondissement,"102133 - Appartement for 4 people, metro station Sentier",No Ratings Available,No Ratings Available,"Previous price:$¬†2,482; Discounted price:$¬†2,229",4 guests,1 bedroom,2 beds,1 bath. Washer,Kitchen,Wifi,Dishwasher. 
Private room in Longjumeau,Chambre priv√©e √† Longjumeau,No Ratings Available,No Ratings Available,Price:$¬†529,2 guests,1 bedroom,1 bed,1 shared bath. Washer,Kitchen,Wifi,Dishwasher. 
Entire apartment in IV Arrondissement,CHARMING R√âTRO HOTEL D VILLE MARAIS,4.35,Rating 4.35 out of 5; 178 reviews ,"Previous price:$¬†3,189; Discounted price:$¬†1,997",2 guests,1 bedroom,1 bed,1 bath. Kitchen,Wifi,Air conditioning. 
Entire apartment in Buttes-Chaumont - Belleville,Charmant F2 en plein coeur du Village Jourdain,No Ratings Available,No Ratings Available,"Previous price:$¬†2,068; Discounted price:$¬†1,625",2 guests,1 bedroom,1 bed,1 bath. Washer,Kitchen,Wifi. 
Entire apartment in Ternes,STUDIO PARIS NEUILLY Porte MAILLOT,4.59,Rating 4.59 out of 5; 40 reviews ,"Previous price:$¬†2,044; Discounted price:$¬†1,476",2 guests,1 bedroom,1 bed,1 bath. Washer,Kitchen,Wifi. 
Entire apartment in IV Arrondissement,Le Marais Studio with Amazing City Views - Seine,4.33,Rating 4.33 out of 5; 6 reviews ,"Previous price:$¬†2,863; Discounted price:$¬†2,403",2 guests,1 bedroom,1 bed,1 bath. Hosted by a business,Washer,Kitchen,Wifi. 
Entire apartment in XII Arrondissement,Love Home,4.30,Rating 4.30 out of 5; 11 reviews ,"Previous price:$¬†3,259; Discounted price:$¬†1,679",2 guests,1 bedroom,2 beds,1 bath. Washer,Kitchen,Elevator,Wifi. 
Entire apartment in R√©publique,Very nice studio completely renovated. Paris heart,4.87,Rating 4.87 out of 5; 70 reviews ,"Previous price:$¬†2,856; Discounted price:$¬†2,031",4 guests,1 bedroom,2 beds,1 bath. Washer,Kitchen,Wifi,Air conditioning. 
Entire apartment in Deuil-la-Barre,Studio calme en centre ville,No Ratings Available,No Ratings Available,"Previous price:$¬†1,586; Discounted price:$¬†947",2 guests,Studio,1 bed,1 bath. Washer,Kitchen,Wifi. 
Entire apartment in XIV Arrondissement,Montrouge Chic,5.0,Rating 5.0 out of 5; 3 reviews ,"Previous price:$¬†2,506; Discounted price:$¬†1,619",2 guests,Studio,1 bed,1 bath. Washer,Kitchen,Wifi,Dishwasher. 
Entire apartment in Montmartre,Montmartre Mon Amour Vintage Loft !,4.75,Rating 4.75 out of 5; 356 reviews ,"Previous price:$¬†2,696; Discounted price:$¬†1,651",3 guests,1 bedroom,1 bed,1 bath. Kitchen,Wifi,Self check-in. 
Entire apartment in XVI Arrondissement,Artist'sFlat Trocadero/Eiffel Tower,4.81,Rating 4.81 out of 5; 119 reviews ,"Previous price:$¬†4,512; Discounted price:$¬†2,267",3 guests,1 bedroom,1 bed,1 bath. Washer,Kitchen,Wifi,Dishwasher. 
Entire apartment in II Arrondissement,Chenier 1 Nouveau 2P,No Ratings Available,No Ratings Available,"Price:$2,003",4 guests,1 bedroom,1 bed,1 bath. Hosted by a business,Washer,Kitchen,Wifi. 
Entire apartment in Saint-Germain-des-Pr√©s - Od√©on,Splendid Artist Apartment Paris VI,4.86,Rating 4.86 out of 5; 190 reviews ,"Previous price:$10,897; Discounted price:$4,220",2 guests,1 bedroom,1 bed,1 bath. Washer,Kitchen,Wifi,Dishwasher. 
Entire apartment in XVI Arrondissement,Spectacular Eiffel Tower Views From Bright Apartment,4.79,Rating 4.79 out of 5; 78 reviews ,"Price:$3,126",4 guests,1 bedroom,1 bed,1 bath. Washer,Kitchen,Elevator,Wifi. 
Entire apartment in Buttes-Chaumont - Belleville,"Superbe appartement calme, lumineux avec terrasse",No Ratings Available,No Ratings Available,"Previous price:$2,480; Discounted price:$1,841",2 guests,1 bedroom,1 bed,1 bath. Washer,Kitchen,Wifi. 
Entire apartment in Champigny-sur-Marne,Champigny-sur-Marne :  studio cosy en fond de cour,4.75,Rating 4.75 out of 5; 4 reviews ,"Previous price:$1,410; Discounted price:$1,049",2 guests,1 bedroom,1 bed,1 bath. Kitchen,Wifi,Self check-in. 
Entire apartment in XX Arrondissement,Luxe studio 10min metro from the Center of Paris,4.48,Rating 4.48 out of 5; 84 reviews ,"Previous price:$2,078; Discounted price:$1,904",2 guests,1 bedroom,2 beds,1 bath. Washer,Kitchen,Wifi,Self check-in. 
Entire guest suite in Paris,Hip & Cosy room under the rooftops of Paris,4.78,Rating 4.78 out of 5; 26 reviews ,"Previous price:$1,895; Discounted price:$1,708",2 guests,Studio,1 bed,1 bath. Kitchen,Elevator,Wifi. 
Entire apartment in XIV Arrondissement,Luxury apartment in Paris South - XV,4.50,Rating 4.50 out of 5; 4 reviews ,"Previous price:$2,545; Discounted price:$1,806",4 guests,1 bedroom,2 beds,1 bath. Washer,Kitchen,Wifi,Air conditioning. 
Entire condominium in Nation,"Appart 30m2 tr√®s calme,bien situ√© sans vis √† vis",4.86,Rating 4.86 out of 5; 22 reviews ,"Previous price:$1,909; Discounted price:$1,497",4 guests,1 bedroom,2 beds,1 bath. Washer,Kitchen,Wifi,Pets allowed. 
Entire apartment in Saint-Germain-des-Pr√©s - Od√©on,Charming flat in the VI - in the heart of Od√©on,5.0,Rating 5.0 out of 5; 6 reviews ,"Price:$2,216",3 guests,1 bedroom,1 bed,2 baths. Kitchen,Elevator,Wifi. 
Room in serviced apartment in Courbevoie,Studio neuf tout √©quip√© - Courbevoie La D√©fense,4.58,Rating 4.58 out of 5; 33 reviews ,"Price:$1,634",2 guests,Studio,1 bed,1 private bath. Washer,Kitchen,Elevator,Wifi. 
Entire apartment in VIII Arrondissement,‚ù§Ô∏è New design apartment. Champs Elysees.,4.48,Rating 4.48 out of 5; 40 reviews ,"Previous price:$2,526; Discounted price:$1,861",2 guests,1 bedroom,1 bed,1 bath. Kitchen,Wifi,Self check-in. 
Entire apartment in Clichy,Private Appartment balcony/view/optional parking,4.71,Rating 4.71 out of 5; 141 reviews ,"Previous price:$2,270; Discounted price:$1,915",4 guests,1 bedroom,2 beds,1 bath. Washer,Kitchen,Elevator,Wifi. 
Entire apartment in II Arrondissement,Luxury duplex in the center of Paris - Best area,4.36,Rating 4.36 out of 5; 11 reviews ,"Previous price:$3,606; Discounted price:$2,600",4 guests,1 bedroom,2 beds,1 bath. Kitchen,Elevator,Wifi,Air conditioning. 
Entire apartment in Quartier Latin,Lovely 1BR with Balcony Steps from the River Seine,4.33,Rating 4.33 out of 5; 3 reviews ,"Previous price:$3,625; Discounted price:$3,220",4 guests,1 bedroom,2 beds,1 bath. Hosted by a business,Washer,Kitchen,Elevator. 
Room in serviced apartment in Ternes,Chambre s√©jours longue dur√©e - sans cuisine,No Ratings Available,No Ratings Available,"Previous price:$2,526; Discounted price:$1,014",2 guests,1 bedroom,1 bed,1 private bath. Kitchen,Wifi,Air conditioning,Self check-in. 
Entire condominium in XVI Arrondissement,Cozy apartment near the Eiffel Tower-Champs Elysee,4.86,Rating 4.86 out of 5; 7 reviews ,"Previous price:$2,360; Discounted price:$1,417",2 guests,1 bedroom,1 bed,1 bath. Washer,Kitchen,Elevator,Wifi. 
Entire house in Savigny-sur-Orge,D√©pendance 10min Orly/House 10min Orly airport,4.95,Rating 4.95 out of 5; 40 reviews ,"Previous price:$1,488; Discounted price:$1,150",2 guests,1 bedroom,1 bed,1 bath. Washer,Kitchen,Free parking. 
Entire apartment in Bondy,Appartement  3 pi√®ces dans Maison avec Jardin.,4.93,Rating 4.93 out of 5; 28 reviews ,"Previous price:$2,742; Discounted price:$1,855",4 guests,2 bedrooms,2 beds,1 bath. Washer,Kitchen,Wifi,Pets allowed. 
Entire apartment in Saint-Germain-des-Pr√©s - Od√©on,Saint Germain des Pr√©s in Paris !,4.65,Rating 4.65 out of 5; 156 reviews ,"Previous price:$5,730; Discounted price:$2,215",4 guests,1 bedroom,1 bed,1 bath. Washer,Kitchen,Wifi. 
Entire apartment in Champs-Elys√©es,CHAMPS ELYSEES APARTMENT,4.80,Rating 4.80 out of 5; 307 reviews ,"Previous price:$6,603; Discounted price:$3,981",4 guests,1 bedroom,2 beds,1 bath. Washer,Kitchen,Elevator,Wifi. 
Entire apartment in XVII Arrondissement,Beau 2 pi√®ces moderne aux portes de Paris,4.88,Rating 4.88 out of 5; 8 reviews ,"Previous price:$2,741; Discounted price:$2,017",2 guests,1 bedroom,1 bed,1 bath. Washer,Kitchen,Wifi,Dishwasher. 
Entire apartment in Quartier Latin,LOVELY FLAT IN QUARTIER LATIN,4.39,Rating 4.39 out of 5; 46 reviews ,"Price:$1,922",2 guests,1 bedroom,2 beds,1 bath. Washer,Wifi,Dryer. 
Entire apartment in XVI Arrondissement,Charming studio in the 16th arrondissement,4.10,Rating 4.10 out of 5; 10 reviews ,"Previous price:$1,960; Discounted price:$1,280",2 guests,Studio,1 bed,1 bath. Kitchen,Wifi. 
Entire apartment in VII Arrondissement,Charming duplex in front of Orsay museum,4.66,Rating 4.66 out of 5; 77 reviews ,"Previous price:$9,599; Discounted price:$3,207",4 guests,1 bedroom,2 beds,1 bath. Hosted by a business,Kitchen,Elevator,Wifi. 
Entire apartment in Montmartre,Charming Apartment Moulin Rouge / Rue Lepic,4.67,Rating 4.67 out of 5; 3 reviews ,"Previous price:$5,022; Discounted price:$2,223",4 guests,1 bedroom,1 bed,1 bath. Hosted by a business,Washer,Kitchen,Wifi. 
Entire apartment in Clichy,Bright and modern 1 bed apt in Clichy (City Hall),4.73,Rating 4.73 out of 5; 12 reviews ,"Previous price:$2,666; Discounted price:$1,710",2 guests,1 bedroom,1 bed,1 bath. Washer,Kitchen,Wifi,Dishwasher. 
Entire apartment in Porte de Versailles,2 rooms apartment (10 minutes Porte de Versailles),4.67,Rating 4.67 out of 5; 95 reviews ,"Price:$1,905",2 guests,1 bedroom,1 bed,1 bath. Washer,Kitchen,Wifi,Self check-in. 
Entire apartment in I Arrondissement,Studio 2 mins. walk from Louvre,4.76,Rating 4.76 out of 5; 94 reviews ,"Previous price:$3,930; Discounted price:$2,095",2 guests,1 bedroom,2 beds,1 bath. Kitchen,Wifi. 
Entire apartment in I Arrondissement,60% discount!Charmful flat facing a gothic church,4.85,Rating 4.85 out of 5; 150 reviews ,"Previous price:$3,828; Discounted price:$3,473",4 guests,1 bedroom,2 beds,1 bath. Washer,Kitchen,Wifi,Dishwasher. 
Entire apartment in XIX Arrondissement,"Appartemt T2 √† neuf, Porte de Pantin, M√©tro Hoche",4.88,Rating 4.88 out of 5; 8 reviews ,"Price:$1,727",2 guests,1 bedroom,1 bed,1 bath. Kitchen,Wifi,Pets allowed,Air conditioning. 
Entire apartment in XIX Arrondissement,Charming 1 bedroom apartment in Paris XIX,No Ratings Available,No Ratings Available,"Previous price:$1,786; Discounted price:$1,556",2 guests,Studio,1 bed,1 bath. Kitchen,Elevator,Wifi,Pets allowed. 
Entire apartment in IV Arrondissement,"Marais Chic 2 Bed 2 Bath, AC in the bedrooms!",4.90,Rating 4.90 out of 5; 62 reviews ,"Previous price:$8,933; Discounted price:$4,924",6 guests,2 bedrooms,4 beds,2 baths. Washer,Kitchen,Elevator,Wifi. 
Entire guesthouse in Orsay,"Little house with terrace, Orsay",4.79,Rating 4.79 out of 5; 115 reviews ,"Previous price:$1,841; Discounted price:$1,521",2 guests,1 bedroom,1 bed,1 bath. Washer,Kitchen,Wifi,Self check-in. 
Entire apartment in I Arrondissement,1 Bedroom Mediterranean-Style Apartment - Louvre,4.96,Rating 4.96 out of 5; 28 reviews ,"Price:$3,568",4 guests,1 bedroom,2 beds,1 bath. Washer,Kitchen,Wifi,Dishwasher. 
Entire loft in Tour Eiffel - Champ de Mars,Modern Loft near Eiffel Tower,4.66,Rating 4.66 out of 5; 188 reviews ,"Previous price:$9,838; Discounted price:$4,086",4 guests,1 bedroom,2 beds,1 bath. Washer,Kitchen,Elevator,Wifi. 
Entire apartment in XI Arrondissement,Stunning Luxurious Apartment 4P - Le Marais,4.58,Rating 4.58 out of 5; 45 reviews ,"Previous price:$4,774; Discounted price:$3,316",4 guests,1 bedroom,2 beds,1 bath. Washer,Kitchen,Wifi,Dishwasher. 
Entire apartment in I Arrondissement,Charmant studio au coeur de Paris,4.36,Rating 4.36 out of 5; 42 reviews ,"Previous price:$2,822; Discounted price:$1,827",2 guests,1 bedroom,1 bed,1 bath. Kitchen,Wifi,Pets allowed. 
Entire apartment in La Villette,Apt in height on the CANAL - VIEW on all PARIS,No Ratings Available,No Ratings Available,"Price:$1,959",4 guests,1 bedroom,2 beds,1 bath. Hosted by a business,Washer,Kitchen,Elevator. 
Entire apartment in Vincennes,Lovely appartment 10min metro from Paris Center,4.51,Rating 4.51 out of 5; 73 reviews ,"Previous price:$2,497; Discounted price:$1,552",4 guests,1 bedroom,1 bed,1 bath. Washer,Kitchen,Dishwasher,Dryer. 
Private room in IV Arrondissement,LUXURY APARTMENT - LE MARAIS,4.85,Rating 4.85 out of 5; 93 reviews ,"Previous price:$2,776; Discounted price:$2,545",2 guests,1 bedroom,1 bed,1 private bath. Hosted by a business,Kitchen,Elevator,Wifi. 
Entire apartment in Champs-sur-Marne,Cosy appartement - Paris & Disneyland,4.73,Rating 4.73 out of 5; 15 reviews ,"Previous price:$2,070; Discounted price:$1,722",5 guests,2 bedrooms,2 beds,1 bath. Washer,Kitchen,Wifi,Dishwasher. 
Entire apartment in Buttes-Chaumont - Belleville,Great bright cosy flat in Gambetta,4.87,Rating 4.87 out of 5; 144 reviews ,"Previous price:$1,962; Discounted price:$1,377",3 guests,2 bedrooms,2 beds,1 bath. Washer,Kitchen,Wifi. 
Entire apartment in XI Arrondissement,"Charming duplex for 4, at Paris Centre Bastille",4.67,Rating 4.67 out of 5; 21 reviews ,"Price:$2,237",4 guests,1 bedroom,2 beds,1 bath. Kitchen,Wifi,Self check-in. 
Entire apartment in II Arrondissement,Studio 2P avec terasse -Clery MOBILITY LEASE,No Ratings Available,No Ratings Available,"Previous price:$1,767; Discounted price:$1,455",2 guests,Studio,1 bed,1 bath. Kitchen,Wifi. 
Entire apartment in XVI Arrondissement,Beau 2 pi√®ces quartier Trocad√©ro Champs Elys√©es,No Ratings Available,No Ratings Available,"Price:$2,572",2 guests,1 bedroom,1 bed,1 bath. Washer,Kitchen,Wifi,Dishwasher. 
Entire apartment in XVIII Arrondissement,"Cosy studio, green quiet backyard close fleamarket",4.97,Rating 4.97 out of 5; 30 reviews ,"Previous price:$2,295; Discounted price:$1,248",2 guests,1 bedroom,1 bed,1 bath. Wifi. 
Entire apartment in Saint-Germain-des-Pr√©s - Od√©on,Sublime apartment near Orsay museum,4.56,Rating 4.56 out of 5; 32 reviews ,"Previous price:$8,011; Discounted price:$2,677",4 guests,1 bedroom,2 beds,1.5 baths. Hosted by a business,Washer,Kitchen,Elevator. 
Entire apartment in Saint-Germain-des-Pr√©s - Od√©on,Studio Od√©on St Andr√© des Arts - mobility lease,No Ratings Available,No Ratings Available,"Previous price:$2,601; Discounted price:$2,388",2 guests,Studio,1 bed,1 bath. Washer,Kitchen,Wifi,Pets allowed. 
Entire apartment in IX Arrondissement,Typical Parisian apartment close to Sacr√©-Coeur,4.56,Rating 4.56 out of 5; 109 reviews ,"Previous price:$2,103; Discounted price:$1,747",3 guests,Studio,2 beds,1 bath. Kitchen,Wifi,Dishwasher,Self check-in. 
Entire apartment in Saint-Germain-des-Pr√©s - Od√©on,Unit 011 St Germain des Pr√®s (Seine) Studio 3 pax,3.80,Rating 3.80 out of 5; 5 reviews ,"Previous price:$5,502; Discounted price:$2,040",3 guests,Studio,1 bed,1 bath. Hosted by a business,Washer,Kitchen,Wifi. 
Entire apartment in II Arrondissement,Studio Place Vendome / Opera,No Ratings Available,No Ratings Available,"Price:$1,312",2 guests,Studio,1 bed,1 bath. Hosted by a business,Kitchen,Wifi. 
Entire apartment in Montreuil,Appartement aux portes de Paris,5.0,Rating 5.0 out of 5; 4 reviews ,"Previous price:$2,426; Discounted price:$1,574",4 guests,1 bedroom,1 bed,1 bath. Kitchen,Wifi,Self check-in. 
Entire apartment in Paris,Cosy Boulevard Saint Germain Odeon STUDIO,No Ratings Available,No Ratings Available,"Previous price:$2,534; Discounted price:$1,831",2 guests,Studio,1 bed,1 bath. Washer,Kitchen,Wifi,Dishwasher. 
Entire apartment in I Arrondissement,Louvre - Richelieu: cosy flat for 2,3.56,Rating 3.56 out of 5; 9 reviews ,"Previous price:$2,647; Discounted price:$1,516",2 guests,Studio,1 bed,1 bath. Hosted by a business,Elevator,Wifi,Self check-in. 
Entire apartment in Le Marais,Cute & cosy studio in le Marais Hotel de Ville 2P,4.60,Rating 4.60 out of 5; 212 reviews ,"Previous price:$4,881; Discounted price:$2,097",2 guests,1 bedroom,1 bed,1 bath. Kitchen,Wifi,Pets allowed,Air conditioning. 
Entire apartment in P√®re Lachaise - M√©nilmontant,GAMBETTA 1 P√àRE LACHAISE IN PARIS  4pax /30m m√©tro,No Ratings Available,No Ratings Available,"Price:$1,900",4 guests,1 bedroom,0 beds,1 bath. Washer,Kitchen,Elevator,Wifi. 
Entire apartment in Saint-Germain-des-Pr√©s - Od√©on,"Design, quiet, central with terrace",4.55,Rating 4.55 out of 5; 12 reviews ,"Previous price:$17,887; Discounted price:$4,703",4 guests,2 bedrooms,2 beds,2.5 baths. Hosted by a business,Washer,Kitchen,Wifi. 
Entire apartment in Montmartre,Confortable chic et charmant √† Montmartre,4.78,Rating 4.78 out of 5; 27 reviews ,"Previous price:$3,467; Discounted price:$2,563",4 guests,1 bedroom,2 beds,1.5 baths. Washer,Kitchen,Elevator,Wifi. 
Entire apartment in Ch√¢telet - Les Halles - Beaubourg,DUPLEX GAMAY,No Ratings Available,No Ratings Available,"Previous price:$7,011; Discounted price:$3,368",4 guests,2 bedrooms,3 beds,1 bath. Washer,Kitchen,Wifi,Dishwasher. 
Private room in Montmartre,Eco-friendly bedroom in Montmartre Village,No Ratings Available,No Ratings Available,"Previous price:$2,210; Discounted price:$1,130",2 guests,1 bedroom,1 bed,1 shared bath. Washer,Kitchen,Wifi,Dishwasher. 
Entire apartment in VIII Arrondissement,Splendid Haussmann Flat,4.64,Rating 4.64 out of 5; 69 reviews ,"Previous price:$4,822; Discounted price:$3,353",6 guests,2 bedrooms,3 beds,1 bath. Kitchen,Elevator,Wifi,Dishwasher. 
Entire apartment in XIII Arrondissement,Cozy  house---free private parking 5mins walk,No Ratings Available,No Ratings Available,"Previous price:$2,688; Discounted price:$2,109",4 guests,1 bedroom,2 beds,1.5 baths. Washer,Kitchen,Wifi,Free parking. 
Entire apartment in Le Marais,Comme une maison avec terrasse ...,4.89,Rating 4.89 out of 5; 66 reviews ,"Previous price:$4,070; Discounted price:$2,815",4 guests,1 bedroom,0 beds,1 bath. Washer,Kitchen,Wifi,Pets allowed. 
Entire apartment in Tour Eiffel - Champ de Mars,Eiffel Towel sublime apartment,4.41,Rating 4.41 out of 5; 54 reviews ,"Previous price:$8,141; Discounted price:$2,477",4 guests,1 bedroom,2 beds,1 bath. Hosted by a business,Washer,Kitchen,Wifi. 
Entire apartment in Montmartre,Design apartment near MONTMARTE,5.0,Rating 5.0 out of 5; 5 reviews ,"Price:$2,122",4 guests,1 bedroom,2 beds,1 bath. Hosted by a business,Washer,Kitchen,Wifi. 
Entire apartment in IX Arrondissement,Apartment in the center of paris,4.26,Rating 4.26 out of 5; 31 reviews ,"Previous price:$2,032; Discounted price:$1,500",2 guests,Studio,1 bed,1 bath. Washer,Kitchen,Wifi,Self check-in. 
Entire apartment in X Arrondissement,Chez Bianca‚ÄîCentral Retreat in Romantic Canal St. Martin,4.81,Rating 4.81 out of 5; 100 reviews ,"Price:$2,392",2 guests,Studio,2 beds,1 bath. Washer,Kitchen,Wifi,Self check-in. 
Entire loft in Montmartre,SLOTH LOFT MONTMARTRE - Freshly refurbished...,4.93,Rating 4.93 out of 5; 137 reviews ,"Previous price:$4,798; Discounted price:$3,545",6 guests,1 bedroom,1 bed,2.5 baths. Washer,Kitchen,Wifi,Dishwasher. 
Entire apartment in II Arrondissement,Luxury duplex in the center of Paris - Best area,4.88,Rating 4.88 out of 5; 8 reviews ,"Previous price:$3,617; Discounted price:$2,611",4 guests,Studio,2 beds,1 bath. Kitchen,Elevator,Wifi,Air conditioning. 
Hotel room in XVIII Arrondissement,Play Two - Trendy room,4.64,Rating 4.64 out of 5; 309 reviews ,"Previous price:$2,111; Discounted price:$1,107",2 guests,1 bedroom,1 bed,1 bath. Wifi,Air conditioning,Self check-in,Dryer. 
Entire apartment in X Arrondissement,ELEGANT  FLAT  IN THE HEART OF PARIS  / LA FAYETTE,4.93,Rating 4.93 out of 5; 46 reviews ,"Previous price:$3,493; Discounted price:$3,005",6 guests,2 bedrooms,4 beds,1 bath. Kitchen,Wifi,Self check-in. 
Entire apartment in P√®re Lachaise - M√©nilmontant,Appartement with light and a magnificent view,4.86,Rating 4.86 out of 5; 16 reviews ,"Previous price:$2,628; Discounted price:$1,946",4 guests,2 bedrooms,1 bed,1.5 baths. Washer,Kitchen,Elevator,Wifi. 
Entire condominium in Le Chesnay,"Studio √† Le Chesnay, proche Versailles",4.43,Rating 4.43 out of 5; 7 reviews ,"Previous price:$1,583; Discounted price:$1,228",2 guests,1 bedroom,1 bed,1.5 baths. Washer,Kitchen,Elevator,Pool. 
Entire apartment in IX Arrondissement,Menez la grande vie parisienne dans le studio d'un h√¥tel particulier,4.73,Rating 4.73 out of 5; 62 reviews ,"Price:$2,361",2 guests,Studio,1 bed,1 bath. Kitchen,Wifi,Air conditioning. 
Entire apartment in XVI Arrondissement,Appartement en r√©sidence √† proximit√© de la D√©fense,No Ratings Available,No Ratings Available,"Previous price:$2,310; Discounted price:$1,919",2 guests,1 bedroom,1 bed,1 bath. Washer,Kitchen,Wifi,Dishwasher. 
Entire apartment in XVIII Arrondissement,"Charmant 2pcs ouvert, √©quip√© direct Montparnasse !",4.35,Rating 4.35 out of 5; 44 reviews ,"Previous price:$2,782; Discounted price:$1,451",3 guests,Studio,1 bed,1 bath. Washer,Kitchen,Wifi,Pets allowed. 
Entire condominium in XVI Arrondissement,Sunny and spacious studio with a terrace!,4.81,Rating 4.81 out of 5; 42 reviews ,"Previous price:$2,285; Discounted price:$1,790",2 guests,Studio,2 beds,1 bath. Washer,Kitchen,Elevator,Wifi. 
Entire apartment in II Arrondissement,City  Center/Typical Old Parisian Apartement,4.95,Rating 4.95 out of 5; 19 reviews ,"Previous price:$3,802; Discounted price:$3,159",4 guests,2 bedrooms,2 beds,1 bath. Washer,Kitchen,Wifi,Pets allowed. 
Entire apartment in I Arrondissement,Eiffel Tower view/Apartment in the heart of Paris,4.94,Rating 4.94 out of 5; 18 reviews ,"Previous price:$2,859; Discounted price:$1,989",4 guests,Studio,2 beds,1 bath. Washer,Kitchen,Elevator,Wifi. 
Entire apartment in II Arrondissement,Modern apartment near Chatelet,4.46,Rating 4.46 out of 5; 13 reviews ,"Previous price:$6,378; Discounted price:$3,083",4 guests,1 bedroom,2 beds,1 bath. Washer,Kitchen,Elevator,Wifi. 
Entire apartment in X Arrondissement,"R√©publique , canal st Martin , grands boulevards",4.72,Rating 4.72 out of 5; 43 reviews ,"Previous price:$4,611; Discounted price:$1,841",2 guests,Studio,1 bed,1 bath. Washer,Kitchen,Wifi. 
Entire apartment in IX Arrondissement,Stunning Studio-Center of PARIS -Madeleine-opera.,No Ratings Available,No Ratings Available,"Previous price:$2,444; Discounted price:$1,836",2 guests,Studio,2 beds,1 bath. Washer,Kitchen,Elevator,Wifi. 
Entire apartment in Ch√¢telet - Les Halles - Beaubourg,New le Marais central /3 in Paris,4.91,Rating 4.91 out of 5; 11 reviews ,"Previous price:$4,765; Discounted price:$3,319",4 guests,1 bedroom,2 beds,1.5 baths. Washer,Kitchen,Wifi,Dishwasher. 
Entire apartment in VIII Arrondissement,Sublime Studio Haussmann Op√©ra,4.33,Rating 4.33 out of 5; 3 reviews ,"Previous price:$4,093; Discounted price:$1,757",2 guests,Studio,1 bed,1 bath. Hosted by a business,Kitchen,Wifi. 
Entire apartment in XIV Arrondissement,Appartement calme sur cour proche Montparnasse,5.0,Rating 5.0 out of 5; 15 reviews ,"Previous price:$3,045; Discounted price:$2,246",2 guests,1 bedroom,1 bed,1 bath. Washer,Kitchen,Wifi,Dishwasher. 
Entire apartment in XI Arrondissement,‚òÖ Sunny Studio near Canal St Martin,4.84,Rating 4.84 out of 5; 74 reviews ,"Previous price:$2,386; Discounted price:$1,768",3 guests,1 bedroom,4 beds,1 bath. Washer,Kitchen,Elevator,Wifi. 
Entire apartment in Alfortville,Cozy appartement near Paris Metro 8 RER D,4.67,Rating 4.67 out of 5; 21 reviews ,"Previous price:$2,099; Discounted price:$1,739",4 guests,1 bedroom,2 beds,1 bath. Washer,Kitchen,Wifi,Self check-in. 
Entire apartment in Montmartre,Quaint Apartment with Rooftop views of Montmarte,4.18,Rating 4.18 out of 5; 17 reviews ,"Price:$1,716",2 guests,1 bedroom,2 beds,1 bath. Kitchen,Wifi,Dishwasher,Self check-in. 
Entire apartment in I Arrondissement,Calm & new 1 BR apartment 5@ Louvre Saint-Honor√©,5.0,Rating 5.0 out of 5; 5 reviews ,"Previous price:$3,616; Discounted price:$2,510",2 guests,1 bedroom,1 bed,1 bath. Washer,Kitchen,Wifi,Dryer. 
Entire apartment in Buttes-Chaumont - Belleville,La campagne au coeur de Paris !,5.0,Rating 5.0 out of 5; 5 reviews ,"Previous price:$2,916; Discounted price:$1,585",4 guests,1 bedroom,1 bed,1 bath. Washer,Kitchen,Wifi. 
Entire apartment in II Arrondissement,Studio dans les passages couverts,4.14,Rating 4.14 out of 5; 14 reviews ,"Previous price:$2,592; Discounted price:$1,514",2 guests,1 bedroom,1 bed,1 bath. Washer,Kitchen,Wifi. 
Private room in Saint-Denis,Chambre sur Saint Denis a deux pas RER Metro Tram,4.67,Rating 4.67 out of 5; 3 reviews ,"Previous price:$1,006; Discounted price:$739",2 guests,1 bedroom,1 shared bath. Washer,Kitchen,Elevator,Wifi. 
Entire apartment in Champigny-sur-Marne,Cocooning,4.69,Rating 4.69 out of 5; 153 reviews ,"Previous price:$2,270; Discounted price:$1,879",4 guests,1 bedroom,4 beds,1 bath. Washer,Kitchen,Wifi,Waterfront. 
Room in boutique hotel in X Arrondissement,Cosy room in the  liveliest 10th district,5.0,Rating 5.0 out of 5; 3 reviews ,"Previous price:$3,248; Discounted price:$1,356",2 guests,1 bedroom,1 bed,1 private bath. Kitchen,Elevator,Wifi,Air conditioning. 
Entire apartment in IX Arrondissement,F2 familial quartier Op√©ra-Grands Magasins Paris9¬∞,4.70,Rating 4.70 out of 5; 33 reviews ,"Previous price:$3,141; Discounted price:$1,842",4 guests,1 bedroom,3 beds,1 bath. Washer,Kitchen,Elevator,Wifi. 
Entire apartment in I Arrondissement,Elegance Pompidou Sebastopol,4.44,Rating 4.44 out of 5; 16 reviews ,"Previous price:$6,972; Discounted price:$2,507",4 guests,1 bedroom,2 beds,1.5 baths. Hosted by a business,Washer,Kitchen,Elevator. 
Entire apartment in I Arrondissement,Large bright central apartment (Ch√¢telet),4.89,Rating 4.89 out of 5; 20 reviews ,"Price:$2,840",4 guests,1 bedroom,2 beds,2 baths. Hosted by a business,Washer,Kitchen,Elevator. 
Entire condominium in Batignolles,Appartement chaleureux aux portes de Paris,4.87,Rating 4.87 out of 5; 16 reviews ,"Previous price:$2,512; Discounted price:$2,193",3 guests,1 bedroom,2 beds,1 bath. Washer,Kitchen,Elevator,Wifi. 
Entire apartment in Pontoise,Studio Cosy Pontoise,4.91,Rating 4.91 out of 5; 137 reviews ,"Previous price:$1,769; Discounted price:$1,379",2 guests,Studio,1 bed,1 bath. Washer,Kitchen,Wifi,Pets allowed. 
Entire apartment in Invalides - Ecole Militaire,Stunning Apartment near Eiffel Tower,4.57,Rating 4.57 out of 5; 72 reviews ,"Previous price:$3,602; Discounted price:$2,957",4 guests,1 bedroom,2 beds,1 bath. Washer,Kitchen,Wifi,Dishwasher. 
Entire apartment in V Arrondissement,Beautiful apt near Pantheon and Luxembourg Garden,4.67,Rating 4.67 out of 5; 6 reviews ,"Previous price:$3,075; Discounted price:$2,225",2 guests,1 bedroom,1 bed,1 bath. Hosted by a business,Washer,Kitchen,Wifi. 
Entire condominium in I Arrondissement,Designer's home in Ch√¢telet,No Ratings Available,No Ratings Available,"Previous price:$3,637; Discounted price:$2,291",4 guests,Studio,2 beds,1 bath. Washer,Kitchen,Wifi,Dryer. 
Entire apartment in IX Arrondissement,Cozy Yello Studio,4.69,Rating 4.69 out of 5; 13 reviews ,"Previous price:$2,197; Discounted price:$1,408",4 guests,Studio,2 beds,1 bath. Washer,Kitchen,Wifi,Pets allowed. 
Entire apartment in IX Arrondissement,MODERNE AND BRIGHT APARTMENT - NEAR GRANDS BOULEVARDS,4.67,Rating 4.67 out of 5; 24 reviews ,"Previous price:$3,650; Discounted price:$1,913",3 guests,1 bedroom,2 beds,1 bath. Kitchen,Elevator,Wifi,Dishwasher. 
Entire apartment in X Arrondissement,Cozy Studio near Canal Saint Martin,4.56,Rating 4.56 out of 5; 82 reviews ,"Previous price:$2,262; Discounted price:$1,777",2 guests,Studio,1 bed,1 bath. Kitchen,Wifi,Self check-in. 
Entire apartment in I Arrondissement,Louvre Palais Royal Bail mobilit√©,5.0,Rating 5.0 out of 5; 3 reviews ,"Previous price:$6,881; Discounted price:$4,101",2 guests,1 bedroom,1 bed,1 bath. Washer,Kitchen,Elevator,Wifi. 
Entire apartment in XI Arrondissement,Chic flat for 4P in the heart of Paris,3.83,Rating 3.83 out of 5; 12 reviews ,"Previous price:$2,076; Discounted price:$1,826",4 guests,1 bedroom,2 beds,1 bath. Kitchen,Wifi. 
Entire apartment in Ternes,Superb Studio - Architect Designed - Paris Ternes,No Ratings Available,No Ratings Available,"Price:$1,445",2 guests,Studio,1 bed,1 bath. Washer,Kitchen,Wifi,Dishwasher. 
Entire apartment in Le Marais,AMAZING VIEW OF THE PICASSO MUSEUM,4.22,Rating 4.22 out of 5; 191 reviews ,"Previous price:$2,165; Discounted price:$1,649",2 guests,1 bedroom,1 bed,1 bath. Hosted by a business,Kitchen,Wifi,Self check-in. 
Entire condominium in XVIII Arrondissement,Cozy full equipped studio Montmartre direct center,4.33,Rating 4.33 out of 5; 3 reviews ,"Previous price:$2,600; Discounted price:$1,357",2 guests,Studio,1 bed,1 bath. Washer,Kitchen,Wifi,Pets allowed. 
Entire apartment in Charenton-le-Pont,2 pieces 38m2 avec terrain privatif,4.88,Rating 4.88 out of 5; 41 reviews ,"Previous price:$2,281; Discounted price:$1,560",4 guests,1 bedroom,1 bed,1 bath. Washer,Kitchen,Wifi,Pets allowed. 
Entire apartment in VIII Arrondissement,Lovely Home in Champs Elys√©es - With AC,No Ratings Available,No Ratings Available,"Previous price:$3,139; Discounted price:$2,257",2 guests,1 bedroom,1 bed,1 bath. Kitchen,Wifi,Pets allowed,Air conditioning. 
Entire apartment in Clichy,"Bel appartement avec balcon,parking optionnel",4.65,Rating 4.65 out of 5; 113 reviews ,"Previous price:$1,865; Discounted price:$1,581",4 guests,1 bedroom,1 bed,1 bath. Washer,Kitchen,Elevator,Wifi. 
Entire apartment in XVI Arrondissement,Nice & Cosy a few minutes from Trocadero 4 P,4.67,Rating 4.67 out of 5; 42 reviews ,"Previous price:$9,153; Discounted price:$4,158",4 guests,2 bedrooms,2 beds,1 bath. Washer,Kitchen,Wifi,Indoor fireplace. 
Entire apartment in La Villette,Sweet Home Paris~Vesle,4.62,Rating 4.62 out of 5; 89 reviews ,"Previous price:$2,368; Discounted price:$2,155",4 guests,1 bedroom,2 beds,1 bath. Hosted by a business,Washer,Kitchen,Wifi. 
Entire apartment in Le Marais,Lovely apartment in Le Marais,No Ratings Available,No Ratings Available,"Previous price:$2,350; Discounted price:$2,031",2 guests,1 bedroom,1 bed,1.5 baths. Washer,Kitchen,Elevator,Wifi. 
Entire apartment in XII Arrondissement,Love in Paris near Gare de Lyon,5.0,Rating 5.0 out of 5; 3 reviews ,"Previous price:$2,917; Discounted price:$1,515",2 guests,1 bedroom,1 bed,1 bath. Washer,Kitchen,Wifi. 
Entire apartment in XVIII Arrondissement,Beautiful studio - 20' walking from Montmartre,4.59,Rating 4.59 out of 5; 32 reviews ,"Previous price:$2,373; Discounted price:$1,308",2 guests,Studio,1 bed,1 bath. Washer,Kitchen,Wifi. 
Entire apartment in II Arrondissement,Apartment in the heart of Paris,4.43,Rating 4.43 out of 5; 349 reviews ,"Previous price:$2,806; Discounted price:$1,948",2 guests,Studio,1 bed,1 bath. Kitchen,Wifi,Self check-in. 
Entire apartment in Puteaux,A Night With A View,4.88,Rating 4.88 out of 5; 235 reviews ,"Previous price:$2,635; Discounted price:$1,943",2 guests,Studio,1 bed,1 bath. Washer,Kitchen,Elevator,Wifi. 
Entire apartment in XVII Arrondissement,Grand souplex de standing Paris 17,No Ratings Available,No Ratings Available,"Price:$3,231",6 guests,2 bedrooms,3 beds,2.5 baths. Washer,Kitchen,Wifi,Pets allowed. 
Entire apartment in XVI Arrondissement,Joli Studio avec vue imprenable sur la Tour Eiffel,No Ratings Available,No Ratings Available,"Previous price:$2,499; Discounted price:$1,961",2 guests,1 bedroom,1 bed,1 bath. Kitchen,Wifi,Pets allowed. 
Entire house in XIV Arrondissement,üå≥ Small house with garden - 2 pers üå≥,4.83,Rating 4.83 out of 5; 42 reviews ,"Previous price:$3,170; Discounted price:$2,471",2 guests,1 bedroom,1 bed,1 bath. Kitchen,Wifi,Dishwasher. 
Entire condominium in P√®re Lachaise - M√©nilmontant,R√©union Paris 20√® / P√®re-Lachaise / BAIL MOBILIT√â,4.80,Rating 4.80 out of 5; 5 reviews ,"Previous price:$2,150; Discounted price:$1,750",2 guests,Studio,1 bed,1 bath. Washer,Kitchen,Wifi. 
Entire apartment in II Arrondissement,Charming Studio Center of Paris-Montorgueil,No Ratings Available,No Ratings Available,"Price:$1,462",2 guests,Studio,1 bed,1 bath. Hosted by a business,Washer,Kitchen,Wifi. 
Entire apartment in II Arrondissement,So cute typical french apartment,4.56,Rating 4.56 out of 5; 241 reviews ,"Previous price:$2,407; Discounted price:$1,674",2 guests,Studio,1 bed,1 bath. Kitchen,Wifi,Self check-in. 
Entire apartment in I Arrondissement,Louvre Rivoli,4.80,Rating 4.80 out of 5; 40 reviews ,"Previous price:$4,724; Discounted price:$2,846",2 guests,1 bedroom,1 bed,1 bath. Hosted by a business,Washer,Kitchen,Elevator. 
Entire apartment in Porte de Versailles,"Studio tout confort, proche Porte de Versailles",4.92,Rating 4.92 out of 5; 49 reviews ,"Previous price:$2,420; Discounted price:$1,675",2 guests,1 bedroom,1 bed,1 bath. Washer,Kitchen,Elevator,Wifi. 
Entire apartment in IX Arrondissement,PARIS 10 - Design apartment for 4,4.92,Rating 4.92 out of 5; 24 reviews ,"Previous price:$3,748; Discounted price:$2,097",2 guests,1 bedroom,1 bed,1 bath. Hosted by a business,Washer,Kitchen,Wifi. 
Entire apartment in II Arrondissement,Louvre Opera Private,4.74,Rating 4.74 out of 5; 93 reviews ,"Price:$2,824",6 guests,2 bedrooms,3 beds,2 baths. Washer,Kitchen,Elevator,Wifi. 
Entire apartment in R√©publique,Charming studio Le Marais,No Ratings Available,No Ratings Available,"Previous price:$1,923; Discounted price:$1,683",3 guests,Studio,2 beds,1 bath. Wifi. 
Entire apartment in La Villette,Cosy appartement aux portes de Paris,5.0,Rating 5.0 out of 5; 3 reviews ,"Previous price:$1,890; Discounted price:$1,602",3 guests,1 bedroom,1 bed,1 bath. Wifi,Pets allowed,Breakfast. 
Entire apartment in XI Arrondissement,Wonderful in Paris!,No Ratings Available,No Ratings Available,"Previous price:$2,174; Discounted price:$1,808",4 guests,Studio,2 beds,1 bath. Kitchen,Wifi,Self check-in. 
Entire apartment in IX Arrondissement,Beautiful Duplex Apt - 5 mins to Grand Rex,3.0,Rating 3.0 out of 5; 3 reviews ,"Price:$2,076",4 guests,1 bedroom,2 beds,1 bath. Washer,Kitchen,Wifi. 
Hotel room in IX Arrondissement,Secret room in the heart of Paris,4.71,Rating 4.71 out of 5; 32 reviews ,"Previous price:$2,932; Discounted price:$1,466",2 guests,1 bedroom,1 bed,1 bath. Washer,Kitchen,Elevator,Wifi. 
Entire apartment in X Arrondissement,Studio tr√®s spacieux et calme sur jardin √† Paris,4.78,Rating 4.78 out of 5; 100 reviews ,"Previous price:$2,521; Discounted price:$2,090",2 guests,1 bedroom,1 bed,1 bath. Washer,Kitchen,Elevator,Wifi. 
Entire apartment in XVI Arrondissement,Parisian chic at Trocadero,4.87,Rating 4.87 out of 5; 93 reviews ,"Previous price:$3,634; Discounted price:$2,853",4 guests,1 bedroom,2 beds,1 bath. Washer,Kitchen,Elevator,Wifi. 
Entire apartment in Pantin,Refurbished apt near the ourcq canal - Professional Cleaning,No Ratings Available,No Ratings Available,"Previous price:$2,198; Discounted price:$1,391",3 guests,Studio,0 beds,1 bath. Hosted by a business,Kitchen,Wifi,Dishwasher. 
Entire apartment in II Arrondissement,Centre ville Marais: beau 2 pi√®ces sous les toits,4.88,Rating 4.88 out of 5; 17 reviews ,"Previous price:$3,161; Discounted price:$1,798",4 guests,1 bedroom,2 beds,1 bath. Kitchen,Elevator,Wifi. 
Entire apartment in XVI Arrondissement,Plein coeur de Paris,No Ratings Available,No Ratings Available,"Price:$1,614",3 guests,Studio,2 beds,1 bath. Kitchen,Wifi. 
Entire apartment in Ternes,50sqm Apartment near Champs √âlys√©es area,4.65,Rating 4.65 out of 5; 40 reviews ,"Previous price:$5,788; Discounted price:$2,982",4 guests,1 bedroom,2 beds,1 bath. Kitchen,Wifi,Dishwasher,Indoor fireplace. 
Entire apartment in XI Arrondissement,Luxury Studio Bastille BAIL MOBILIT√â POSSIBLE 57‚Ç¨,4.65,Rating 4.65 out of 5; 86 reviews ,"Previous price:$5,426; Discounted price:$2,520",4 guests,Studio,2 beds,1 bath. Hosted by a business,Washer,Kitchen,Wifi. 
Entire apartment in XI Arrondissement,Joli appart de 2 pi√®ces √† 2 pas du P√®re Lachaise,5.0,Rating 5.0 out of 5; 8 reviews ,"Previous price:$2,284; Discounted price:$1,893",2 guests,1 bedroom,1 bed,1 bath. Washer,Kitchen,Elevator,Wifi. 
Entire apartment in Nation,Nice & spacious apt in NATION - Professional Cleaning,4.05,Rating 4.05 out of 5; 139 reviews ,"Previous price:$3,960; Discounted price:$2,349",4 guests,1 bedroom,3 beds,1 bath. Washer,Kitchen,Wifi,Dishwasher. 
Entire apartment in XIII Arrondissement,Lovely 40 sqm appartment with balcony,5.0,Rating 5.0 out of 5; 10 reviews ,"Price:$2,607",2 guests,1 bedroom,1 bed,1 bath. Washer,Kitchen,Wifi,Dishwasher. 
Entire apartment in XI Arrondissement,"Studette sous le toit Parisien,pr√®s de Bastille",5.0,Rating 5.0 out of 5; 5 reviews ,"Previous price:$1,460; Discounted price:$1,149",2 guests,1 bedroom,1 bed,0 baths. Washer,Kitchen,Wifi,Dryer. 
Entire apartment in II Arrondissement,"Beautiful, equipped studio",4.84,Rating 4.84 out of 5; 113 reviews ,"Previous price:$2,064; Discounted price:$1,532",2 guests,1 bedroom,2 beds,1 bath. Washer,Kitchen,Wifi,Air conditioning. 
Entire apartment in Ch√¢telet - Les Halles - Beaubourg,Studio in Le Marais‚ÄìSteps from Chatelet Les Halles,4.71,Rating 4.71 out of 5; 7 reviews ,"Previous price:$2,517; Discounted price:$2,263",2 guests,1 bedroom,1 bed,1 bath. Hosted by a business,Kitchen,Wifi. 
Entire apartment in X Arrondissement,Charmant studio+balcon Gare du Nord -bail mobilit√©,4.75,Rating 4.75 out of 5; 4 reviews ,"Previous price:$2,268; Discounted price:$1,473",2 guests,Studio,1 bed,1 bath. Kitchen,Elevator,Wifi. 
Entire apartment in XIX Arrondissement,Apartment with a view over Paris,4.78,Rating 4.78 out of 5; 138 reviews ,"Previous price:$2,414; Discounted price:$2,095",5 guests,2 bedrooms,2 beds,1 bath. Washer,Kitchen,Elevator,Wifi. 
Entire apartment in IV Arrondissement,Atelier des Vosges,No Ratings Available,No Ratings Available,"Price:$3,038",4 guests,1 bedroom,2 beds,1 bath. Washer,Kitchen,Wifi,Dryer. 
Entire apartment in I Arrondissement,Fully equipped studio in the heart of Paris !,4.48,Rating 4.48 out of 5; 294 reviews ,"Previous price:$2,882; Discounted price:$2,133",2 guests,1 bedroom,1 bed,1 bath. Hosted by a business,Kitchen,Wifi,Self check-in. 
Entire apartment in IV Arrondissement,Charming and cosy apartment - Le Marais/Beaubourg,No Ratings Available,No Ratings Available,"Price:$3,219",6 guests,2 bedrooms,2 beds,1 bath. Hosted by a business,Washer,Kitchen,Wifi. 
Entire apartment in Saint-Germain-des-Pr√©s - Od√©on,Outstanding Luxury Flat 4P-Boulevard Saint Germain,4.71,Rating 4.71 out of 5; 28 reviews ,"Previous price:$5,939; Discounted price:$4,658",4 guests,1 bedroom,2 beds,2 baths. Washer,Kitchen,Elevator,Wifi. 
Entire apartment in Le Marais,‚ù§Ô∏èAppartement luxueux en plein coeur du Marais!!‚ù§Ô∏è,4.93,Rating 4.93 out of 5; 29 reviews ,"Previous price:$4,139; Discounted price:$3,189",4 guests,1 bedroom,2 beds,1 bath. Hosted by a business,Kitchen,Elevator,Wifi. 
Entire apartment in Le Marais,ID 96 Place des Vosges Bastille,4.37,Rating 4.37 out of 5; 41 reviews ,"Previous price:$5,732; Discounted price:$2,381",3 guests,Studio,3 beds,1 bath. Washer,Kitchen,Elevator,Wifi. 
Entire apartment in XVI Arrondissement,La Muette/Passy - The Blue Flat,4.31,Rating 4.31 out of 5; 126 reviews ,"Previous price:$2,739; Discounted price:$2,257",4 guests,Studio,2 beds,1 bath. Washer,Kitchen,Elevator,Wifi. 
Hotel room in Montparnasse,Spacious Parisian room - Strong Hygiene Measures,4.43,Rating 4.43 out of 5; 7 reviews ,"Previous price:$4,210; Discounted price:$1,680",2 guests,1 bedroom,1 bed,1 bath. Wifi,Air conditioning,Self check-in. 
Entire apartment in X Arrondissement,Typical Parisian Flat 6P- Republique / High Marais,4.73,Rating 4.73 out of 5; 11 reviews ,"Previous price:$4,910; Discounted price:$3,504",6 guests,2 bedrooms,3 beds,1 bath. Washer,Kitchen,Wifi. 
