Hotel_Type_with_Location,Hote_Type,Location_in_Paris,Hotel_Name,Ratings,No_of_Reviews,Previous_Price,Discounted_Price,Discount,No_of_Guests,No_of_Bedrooms,Type_Bed_Studio,No_of_Beds
Entire apartment in VIII Arrondissement,Entire apartment,VIII Arrondissement,"Amazing 2 rooms, heart of the Champs Elysees!",4.71,18,4087,2134,1953,2,1,Bedroom,1
Entire apartment in Commerce - Dupleix,Entire apartment,Commerce - Dupleix,CHARMING STUDIO - PARIS 15 DISTRICT,4.15,102,2804,1314,1490,2,0,Studio,1
Entire apartment in Ch√¢telet - Les Halles - Beaubourg,Entire apartment,Ch√¢telet - Les Halles - Beaubourg,Cosy and new apartment center of Paris,4.63,46,9566,2745,6821,4,1,Bedroom,2
Entire apartment in II Arrondissement,Entire apartment,II Arrondissement,Charming apartment Grands Boulevards,0,0,2207,2207,0,6,2,Bedroom,4
Entire apartment in X Arrondissement,Entire apartment,X Arrondissement,Fabulous Design LOFT 4P- High Marais / R√©publique,4.47,49,3484,2423,1061,4,1,Bedroom,2
Entire condominium in XIX Arrondissement,Entire condominium,XIX Arrondissement,STUDIO IN THE GREEN HEART OF PARIS,4.84,303,2142,1501,641,2,0,Studio,1
Entire apartment in Saint-Germain-des-Pr√©s - Od√©on,Entire apartment,Saint-Germain-des-Pr√©s - Od√©on,JARDIN DU LUXEMBOURG / Bail Mobilit√©,0,0,4670,3135,1535,4,2,Bedroom,2
Entire apartment in Le Marais,Entire apartment,Le Marais,COEUR du MARAIS Tres Bel Appartement avec Balcon,4.91,44,5722,3201,2521,4,1,Bedroom,2
Entire serviced apartment in XVII Arrondissement,Entire serviced apartment,XVII Arrondissement,Chambre s√©jours longue dur√©e - sans cuisine,4.67,3,3400,1163,2237,2,1,Bedroom,1
Entire condominium in Nanterre,Entire condominium,Nanterre,Cosy flat close to tourist sites,4.29,7,1025,1025,0,2,1,Bedroom,1
Entire apartment in XIX Arrondissement,Entire apartment,XIX Arrondissement,COSY STUDIO CANAL ST MARTIN / BUTTES CHAUMONT,4.54,59,1347,1156,191,2,0,Studio,1
Entire apartment in I Arrondissement,Entire apartment,I Arrondissement,Louvre - Richelieu 210: cosy flat for 2,4.22,9,2407,1371,1036,2,0,Studio,1
Entire apartment in Tour Eiffel - Champ de Mars,Entire apartment,Tour Eiffel - Champ de Mars,Atypical duplex  with cachet near Eiffel Tower 4 P,4.71,187,5646,2110,3536,4,1,Bedroom,2
Entire apartment in Montmartre,Entire apartment,Montmartre,Charming at Montmartre & rue Lepic- mobility lease,4.73,77,3046,1679,1367,2,0,Studio,1
Entire apartment in P√®re Lachaise - M√©nilmontant,Entire apartment,P√®re Lachaise - M√©nilmontant,New studio in great location,4.73,15,1851,1371,480,2,0,Studio,1
Entire loft in XVIII Arrondissement,Entire loft,XVIII Arrondissement,Amazing studio near Montmartre - Mobility lease !,5,7,2846,1723,1123,2,0,Studio,1
Entire apartment in Le Marais,Entire apartment,Le Marais,(New) FRENCH CHERRY  - Village Marais,4.86,14,5371,2523,2848,4,1,Bedroom,3
Entire apartment in X Arrondissement,Entire apartment,X Arrondissement,Small artist studio,4.28,238,2555,1413,1142,3,1,Bedroom,0
Entire condominium in XI Arrondissement,Entire condominium,XI Arrondissement,Lovely Studio P√®re lachaise,4.67,193,1459,1210,249,2,1,Bedroom,1
Entire townhouse in Drancy,Entire townhouse,Drancy,SUPERBE CHAMBRE SPACIEUSE #7,0,0,1198,1198,0,4,1,Bedroom,2
Entire apartment in II Arrondissement,Entire apartment,II Arrondissement,Charming and new apartment center of Paris,4.85,33,7488,2003,5485,4,1,Bedroom,2
Entire apartment in I Arrondissement,Entire apartment,I Arrondissement,Luxury Apartment Paris Louvre III,0,0,8974,4479,4495,2,1,Bedroom,1
Entire apartment in Ternes,Entire apartment,Ternes,Parisian style - Residential area - 1 bedrom Apt.,4.87,54,5417,2766,2651,4,1,Bedroom,2
Entire apartment in Quartier Latin,Entire apartment,Quartier Latin,Saint Germain Lovely 3 Room --- 1 month min.rental,4.59,17,2192,2192,0,4,1,Bedroom,2
Entire apartment in Colombes,Entire apartment,Colombes,Studio √† 15 min du centre de Paris & la D√©fense,4.82,11,2317,1125,1192,2,0,Studio,1
Entire apartment in VII Arrondissement,Entire apartment,VII Arrondissement,Charming studio Orsay Museum,4.58,162,6781,1905,4876,2,0,Studio,1
Entire apartment in XVI Arrondissement,Entire apartment,XVI Arrondissement,"New design studio. Eiffel Tower, Passy, Seine Quay",4.58,66,2134,1391,743,2,0,Studio,1
Entire apartment in Courbevoie,Entire apartment,Courbevoie,"PARIS-LA D√âFENSE, STUDIO MEUBL√â",5,4,1968,1123,845,2,0,Studio,1
Entire loft in XVII Arrondissement,Entire loft,XVII Arrondissement,near champs elys√©es madeleine,4.68,118,2086,1598,488,3,1,Bedroom,0
Entire apartment in Commerce - Dupleix,Entire apartment,Commerce - Dupleix,Lovely 1BR Flat with Balcony And Eiffel Tower View,4.86,7,2803,2519,284,4,1,Bedroom,2
Entire apartment in Saint-Germain-des-Pr√©s - Od√©on,Entire apartment,Saint-Germain-des-Pr√©s - Od√©on,Luxury One BR in Saint Germain with AC,4.76,45,4191,3480,711,4,1,Bedroom,2
Entire apartment in VIII Arrondissement,Entire apartment,VIII Arrondissement,Appartement 35m2 (2 pi√®ces) - Gare Saint-Lazare,5,3,2958,2051,907,4,1,Bedroom,2
Entire apartment in Paris,Entire apartment,Paris,location de chambre dans un appartement √† Cr√©teil,0,0,803,803,0,2,1,Bedroom,1
Entire apartment in Saint-Germain-des-Pr√©s - Od√©on,Entire apartment,Saint-Germain-des-Pr√©s - Od√©on,Luxury 1 Bedroom St Germain - Bon March√©,4.92,13,5069,2637,2432,4,1,Bedroom,2
Entire loft in XI Arrondissement,Entire loft,XI Arrondissement,++ One of the coolest places you'll find here! ++,5,26,4402,3647,755,2,1,Bedroom,0
Entire apartment in XI Arrondissement,Entire apartment,XI Arrondissement,"Petion Street, Voltaire station, Central Paris",4.75,85,4779,1840,2939,4,1,Bedroom,2
Entire apartment in Le Marais,Entire apartment,Le Marais,BEAUBOURG - MARAIS' VILLAGE,4.77,53,3519,1833,1686,2,0,Studio,1
Entire apartment in VIII Arrondissement,Entire apartment,VIII Arrondissement,Sublime and new apartment with terrace,4.25,42,8049,2818,5231,4,1,Bedroom,2
Entire apartment in Vaugirard,Entire apartment,Vaugirard,Charmant studio 15√®me arrondissement,0,0,1636,1352,284,2,1,Bedroom,2
Entire apartment in Invalides - Ecole Militaire,Entire apartment,Invalides - Ecole Militaire,Studio Tour Eiffel/Invalides 7√®me arrondissement,0,0,2321,1426,895,2,0,Studio,1
Entire condominium in Le Marais,Entire condominium,Le Marais,POITOU,4.6,5,4087,2134,1953,2,1,Bedroom,1
Entire apartment in IX Arrondissement,Entire apartment,IX Arrondissement,Splendid terrace magnificent view,4.9,386,3784,3133,651,3,1,Bedroom,2
Entire apartment in Montmartre,Entire apartment,Montmartre,Studio 9m2 Clair Calme Montmartre March√©,0,0,1505,1330,175,2,1,Bedroom,2
Entire apartment in IV Arrondissement,Entire apartment,IV Arrondissement,Historic Ile St Louis +Free Cruise,4.64,22,3469,2217,1252,3,1,Bedroom,2
Entire apartment in XIX Arrondissement,Entire apartment,XIX Arrondissement,Charming cocoon near the Parc des Buttes-Chaumont,4.87,15,2127,1762,365,2,1,Bedroom,1
Entire apartment in IV Arrondissement,Entire apartment,IV Arrondissement,Studio au coeur du Marais,0,0,3076,1584,1492,2,1,Bedroom,1
Entire apartment in XVI Arrondissement,Entire apartment,XVI Arrondissement,Superb One Bedroom in Paris 16th - Dauphine,0,0,1690,1690,0,4,1,Bedroom,1
Entire apartment in II Arrondissement,Entire apartment,II Arrondissement,Charming and new studio in heart of Paris,4.7,66,5569,1757,3812,3,0,Studio,2
Entire apartment in Ch√¢telet - Les Halles - Beaubourg,Entire apartment,Ch√¢telet - Les Halles - Beaubourg,lovely and new apartment center of Paris,4.5,50,9263,2745,6518,4,1,Bedroom,2
Entire condominium in Montmartre,Entire condominium,Montmartre,Sacr√© Petit Studio in the Coeur of Montmartre,4.79,54,2736,1511,1225,2,1,Bedroom,1
Entire apartment in VIII Arrondissement,Entire apartment,VIII Arrondissement,Neuf & Cosy - Exclusif Champs Elys√©es,4.88,60,3338,2770,568,4,1,Bedroom,2
Entire apartment in Porte de Versailles,Entire apartment,Porte de Versailles,NEW Studio R√©nov√© Calme Et Cosy,5,3,1471,1268,203,2,0,Studio,1
Entire apartment in Le Marais,Entire apartment,Le Marais,Spacious 1 Bedroom - Marais Rambuteau,4.67,6,8670,2417,6253,4,1,Bedroom,2
Entire apartment in Tour Eiffel - Champ de Mars,Entire apartment,Tour Eiffel - Champ de Mars,Charming flat near Eiffel Tower - Mobility Lease,4.75,114,4114,2656,1458,4,1,Bedroom,2
Entire apartment in IV Arrondissement,Entire apartment,IV Arrondissement,"Appartement r√©gularis√© dans le Marais, proche commerces, restaurants et m√©tro",4.86,71,4924,4924,0,6,2,Bedroom,3
Entire apartment in IV Arrondissement,Entire apartment,IV Arrondissement,"Studio, 20m2 Place des Vosges area",4.8,442,3251,1752,1499,2,1,Bedroom,1
Entire apartment in II Arrondissement,Entire apartment,II Arrondissement,Cozy Flat Heart of Paris - Pompidou / Marais,4.76,389,3608,2639,969,4,1,Bedroom,2
Entire apartment in Le Marais,Entire apartment,Le Marais,Quiet Historic & Cute  +Free Cruise,4.77,23,3272,2093,1179,4,1,Bedroom,2
Entire apartment in II Arrondissement,Entire apartment,II Arrondissement,Central apartment - Louvre,0,0,2331,1926,405,4,1,Bedroom,2
Entire condominium in X Arrondissement,Entire condominium,X Arrondissement,"LOCATION, COMFORT, CHARM AND EQUIPMENT",0,0,2089,2089,0,2,1,Bedroom,1
Entire apartment in Quartier Latin,Entire apartment,Quartier Latin,New:Saint-Germain/ latin-quater,4.77,82,4507,2077,2430,2,1,Bedroom,0
Entire apartment in XII Arrondissement,Entire apartment,XII Arrondissement,ü§© Cosy Studio / Gare de Lyon - Bercy - Dugommier ü§©,4.93,14,1681,1400,281,2,0,Studio,1
Entire apartment in VIII Arrondissement,Entire apartment,VIII Arrondissement,COSY STUDIO CHAMPS-ELYS√âES/ARC DE TRIOMPHE‚ù§Ô∏è,4.88,8,2056,1372,684,2,1,Bedroom,1
Entire apartment in Saint-Germain-des-Pr√©s - Od√©on,Entire apartment,Saint-Germain-des-Pr√©s - Od√©on,ROMANTIC FLAT IN SAINT-GERMAIN,4.83,104,3270,2418,852,2,1,Bedroom,1
Entire apartment in IV Arrondissement,Entire apartment,IV Arrondissement,AU COEUR DU MARAIS- Bail Mobilit√©,4.67,12,2951,1987,964,2,0,Studio,1
Entire apartment in XV Arrondissement,Entire apartment,XV Arrondissement,Studio avec 1 chambre parc des expo,4.86,178,2106,1737,369,4,1,Bedroom,1
Entire apartment in Montmartre,Entire apartment,Montmartre,Small Studio down-town Montmartre,4.14,7,2304,1191,1113,2,0,Studio,1
Entire condominium in Asni√®res-sur-Seine,Entire condominium,Asni√®res-sur-Seine,Studio Cocooning de 38M2 vue sur la Seine,4.84,101,1987,1417,570,3,1,Bedroom,2
Entire apartment in VIII Arrondissement,Entire apartment,VIII Arrondissement,Flat in the heart of fancy Paris/Champs-Elysees,4.72,43,2846,1976,870,3,1,Bedroom,2
Entire apartment in Gare de Lyon,Entire apartment,Gare de Lyon,Paris 12√®me Studio refait √† neuf avec parking,4.86,7,2853,2157,696,2,0,Studio,1
Entire apartment in VII Arrondissement,Entire apartment,VII Arrondissement,Charming apartment near Orsay museum,4.57,132,8730,2671,6059,4,1,Bedroom,2
Entire apartment in Montmartre,Entire apartment,Montmartre,The Montmartre suite,4.76,36,3175,1784,1391,3,1,Bedroom,2
Entire apartment in Invalides - Ecole Militaire,Entire apartment,Invalides - Ecole Militaire,Warm and modern appartement in the heart of Paris,5,5,1931,1771,160,3,1,Bedroom,1
Entire apartment in XII Arrondissement,Entire apartment,XII Arrondissement,Nice apt with balcony near Bastille,4.67,134,2441,2022,419,2,1,Bedroom,0
Entire apartment in XIV Arrondissement,Entire apartment,XIV Arrondissement,Try our boutique apartment !,4.62,54,1350,1204,146,2,0,Studio,1
Entire apartment in XIV Arrondissement,Entire apartment,XIV Arrondissement,Luxury apartment in Paris South - Near Metro II,0,0,2545,1806,739,4,1,Bedroom,2
Entire guest suite in Montreuil,Entire guest suite,Montreuil,Charming and quiet apartment close to Paris.,5,11,1480,1095,385,2,1,Bedroom,2
Private room in Courbevoie,Private room,Courbevoie,Lovely‚ü°spacious Bed&Breakfast‚ü°Transport‚ü°EiffelTwer,4.77,52,1843,872,971,2,1,Bedroom,1
Entire apartment in Nation,Entire apartment,Nation,Charmante studette calme & ind√©pendante,4.91,33,1467,1084,383,2,1,Bedroom,1
Entire apartment in II Arrondissement,Entire apartment,II Arrondissement,Luxury Apartment Paris Louvre,4.96,77,5704,2811,2893,2,1,Bedroom,1
Entire apartment in Vaugirard,Entire apartment,Vaugirard,Nice studio between Commerce and the Eiffel Tower,0,0,2548,1882,666,4,1,Bedroom,2
Entire apartment in Montmartre,Entire apartment,Montmartre,For students and professionals only - 1 month min Design apartment close to SACR√â-COEUR,0,0,2182,2182,0,4,1,Bedroom,2
Entire apartment in Saint-Germain-des-Pr√©s - Od√©on,Entire apartment,Saint-Germain-des-Pr√©s - Od√©on,Chic flat Luxembourg garden,0,0,2873,2873,0,2,1,Bedroom,1
Entire apartment in IX Arrondissement,Entire apartment,IX Arrondissement,Lafayette - Saint-Lazare 61:  cosy flat for 2,4.5,14,2472,1418,1054,2,0,Studio,1
Entire apartment in II Arrondissement,Entire apartment,II Arrondissement,Functional studio near Op√©ra,4.24,193,3228,1774,1454,2,1,Bedroom,1
Entire apartment in Vincennes,Entire apartment,Vincennes,Belle adresse au c≈ìur de Vincennes,4.99,90,2742,2742,0,2,1,Bedroom,1
Entire apartment in XI Arrondissement,Entire apartment,XI Arrondissement,MAGNIFIQUE √âCRIN A BASTILLE,0,0,2031,1683,348,2,0,Studio,1
Entire condominium in Meudon,Entire condominium,Meudon,Chaleureux Studio ideal sejour Paris et Versailles,4.67,9,1317,1024,293,2,0,Studio,1
Entire loft in XIV Arrondissement,Entire loft,XIV Arrondissement,Loft atelier d'artistes Montparnasse,4.69,30,3004,1859,1145,2,1,Bedroom,1
Entire apartment in XVII Arrondissement,Entire apartment,XVII Arrondissement,Belle studette en plein coeur des Batignolles,5,8,2172,1234,938,2,0,Studio,1
Entire apartment in X Arrondissement,Entire apartment,X Arrondissement,Lovely appart. between Montmartre & Gare du Nord,4.92,38,3529,1806,1723,2,1,Bedroom,1
Entire apartment in XIV Arrondissement,Entire apartment,XIV Arrondissement,Cosy studio sud de Paris (Alesia/Montparnasse),4.77,71,2016,1464,552,2,1,Bedroom,1
Entire apartment in Montmartre,Entire apartment,Montmartre,NEW! Amazing view over Paris a Montmarte,4.88,65,2880,1902,978,4,1,Bedroom,2
Entire apartment in X Arrondissement,Entire apartment,X Arrondissement,Beautiful & very quiet apartment with balcony,4.79,97,3414,1867,1547,2,1,Bedroom,1
Entire apartment in Le Marais,Entire apartment,Le Marais,"Marais, 2 pi√®ces luxueux r√©nov√©, pr√®s rue Bretagne",4.49,126,2845,1979,866,4,1,Bedroom,3
Entire apartment in XIV Arrondissement,Entire apartment,XIV Arrondissement,Luxury apartment in Paris South - Near Metro XIII,0,0,2545,1806,739,4,1,Bedroom,2
Entire apartment in Le Marais,Entire apartment,Le Marais,"MARAIS: APARTMENT QUIET, BRIGHT, RENOVE 2019",0,0,3849,1740,2109,4,1,Bedroom,3
Entire apartment in II Arrondissement,Entire apartment,II Arrondissement,Luxury duplex in the heart of Paris - Best area 4,4.38,8,3839,2769,1070,5,1,Bedroom,3
Entire apartment in XX Arrondissement,Entire apartment,XX Arrondissement,2-bedroom ... Very Close to Paris (Vincennes),4.83,29,4021,2245,1776,4,2,Bedroom,2
Room in serviced apartment in XVI Arrondissement,Room in serviced apartment,XVI Arrondissement,Chambre s√©jours longue dur√©e - sans cuisine,0,0,2517,788,1729,2,1,Bedroom,1
Entire apartment in Le Marais,Entire apartment,Le Marais,Apartment in the heart of the Marais neighborhood,4.77,149,6617,3252,3365,4,1,Bedroom,2
Entire apartment in Porte de Versailles,Entire apartment,Porte de Versailles,Calme et chaleureux 2 pi√®ces - Bail mobilit√©,0,0,1666,1666,0,2,1,Bedroom,2
Entire apartment in XI Arrondissement,Entire apartment,XI Arrondissement,Art Studio on courtyard with trees,4.48,546,1936,1605,331,2,0,Studio,1
Entire apartment in VIII Arrondissement,Entire apartment,VIII Arrondissement,Beautiful 1 BR Champs-Elys√©es Etoile,4.15,21,6663,2312,4351,4,1,Bedroom,2
Entire apartment in XI Arrondissement,Entire apartment,XI Arrondissement,Newly renovated 2BDR apartment-55m2-near Le Marais,4.93,61,5168,2982,2186,5,2,Bedroom,3
Entire apartment in XIV Arrondissement,Entire apartment,XIV Arrondissement,Joli 2 pi√®ces 28 M¬≤ Quartier Al√©sia,0,0,1417,1417,0,2,1,Bedroom,1
Entire loft in La Villette,Entire loft,La Villette,Your Loft / One of a kind / Paris,3.75,7,2073,1913,160,5,1,Bedroom,1
Entire apartment in Montmartre,Entire apartment,Montmartre,Montmartre - Modern & cozy studio,4.89,27,2413,1561,852,2,0,Studio,1
Entire apartment in II Arrondissement,Entire apartment,II Arrondissement,"102133 - Appartement for 4 people, metro station Sentier",0,0,2482,2229,253,4,1,Bedroom,2
Private room in Longjumeau,Private room,Longjumeau,Chambre priv√©e √† Longjumeau,0,0,529,529,0,2,1,Bedroom,1
Entire apartment in IV Arrondissement,Entire apartment,IV Arrondissement,CHARMING R√âTRO HOTEL D VILLE MARAIS,4.35,178,3189,1997,1192,2,1,Bedroom,1
Entire apartment in Buttes-Chaumont - Belleville,Entire apartment,Buttes-Chaumont - Belleville,Charmant F2 en plein coeur du Village Jourdain,0,0,2068,1625,443,2,1,Bedroom,1
Entire apartment in Ternes,Entire apartment,Ternes,STUDIO PARIS NEUILLY Porte MAILLOT,4.59,40,2044,1476,568,2,1,Bedroom,1
Entire apartment in IV Arrondissement,Entire apartment,IV Arrondissement,Le Marais Studio with Amazing City Views - Seine,4.33,6,2863,2403,460,2,1,Bedroom,1
Entire apartment in XII Arrondissement,Entire apartment,XII Arrondissement,Love Home,4.3,11,3259,1679,1580,2,1,Bedroom,2
Entire apartment in R√©publique,Entire apartment,R√©publique,Very nice studio completely renovated. Paris heart,4.87,70,2856,2031,825,4,1,Bedroom,2
Entire apartment in Deuil-la-Barre,Entire apartment,Deuil-la-Barre,Studio calme en centre ville,0,0,1586,947,639,2,0,Studio,1
Entire apartment in XIV Arrondissement,Entire apartment,XIV Arrondissement,Montrouge Chic,5,3,2506,1619,887,2,0,Studio,1
Entire apartment in Montmartre,Entire apartment,Montmartre,Montmartre Mon Amour Vintage Loft !,4.75,356,2696,1651,1045,3,1,Bedroom,1
Entire apartment in XVI Arrondissement,Entire apartment,XVI Arrondissement,Artist'sFlat Trocadero/Eiffel Tower,4.81,119,4512,2267,2245,3,1,Bedroom,1
Entire apartment in II Arrondissement,Entire apartment,II Arrondissement,Chenier 1 Nouveau 2P,0,0,2003,2003,0,4,1,Bedroom,1
Entire apartment in Saint-Germain-des-Pr√©s - Od√©on,Entire apartment,Saint-Germain-des-Pr√©s - Od√©on,Splendid Artist Apartment Paris VI,4.86,190,10897,4220,6677,2,1,Bedroom,1
Entire apartment in XVI Arrondissement,Entire apartment,XVI Arrondissement,Spectacular Eiffel Tower Views From Bright Apartment,4.79,78,3126,3126,0,4,1,Bedroom,1
Entire apartment in Buttes-Chaumont - Belleville,Entire apartment,Buttes-Chaumont - Belleville,"Superbe appartement calme, lumineux avec terrasse",0,0,2480,1841,639,2,1,Bedroom,1
Entire apartment in Champigny-sur-Marne,Entire apartment,Champigny-sur-Marne,Champigny-sur-Marne :  studio cosy en fond de cour,4.75,4,1410,1049,361,2,1,Bedroom,1
Entire apartment in XX Arrondissement,Entire apartment,XX Arrondissement,Luxe studio 10min metro from the Center of Paris,4.48,84,2078,1904,174,2,1,Bedroom,2
Entire guest suite in Paris,Entire guest suite,Paris,Hip & Cosy room under the rooftops of Paris,4.78,26,1895,1708,187,2,0,Studio,1
Entire apartment in XIV Arrondissement,Entire apartment,XIV Arrondissement,Luxury apartment in Paris South - XV,4.5,4,2545,1806,739,4,1,Bedroom,2
Entire condominium in Nation,Entire condominium,Nation,"Appart 30m2 tr√®s calme,bien situ√© sans vis √† vis",4.86,22,1909,1497,412,4,1,Bedroom,2
Entire apartment in Saint-Germain-des-Pr√©s - Od√©on,Entire apartment,Saint-Germain-des-Pr√©s - Od√©on,Charming flat in the VI - in the heart of Od√©on,5,6,2216,2216,0,3,1,Bedroom,1
Room in serviced apartment in Courbevoie,Room in serviced apartment,Courbevoie,Studio neuf tout √©quip√© - Courbevoie La D√©fense,4.58,33,1634,1634,0,2,0,Studio,1
Entire apartment in VIII Arrondissement,Entire apartment,VIII Arrondissement,‚ù§Ô∏è New design apartment. Champs Elysees.,4.48,40,2526,1861,665,2,1,Bedroom,1
Entire apartment in Clichy,Entire apartment,Clichy,Private Appartment balcony/view/optional parking,4.71,141,2270,1915,355,4,1,Bedroom,2
Entire apartment in II Arrondissement,Entire apartment,II Arrondissement,Luxury duplex in the center of Paris - Best area,4.36,11,3606,2600,1006,4,1,Bedroom,2
Entire apartment in Quartier Latin,Entire apartment,Quartier Latin,Lovely 1BR with Balcony Steps from the River Seine,4.33,3,3625,3220,405,4,1,Bedroom,2
Room in serviced apartment in Ternes,Room in serviced apartment,Ternes,Chambre s√©jours longue dur√©e - sans cuisine,0,0,2526,1014,1512,2,1,Bedroom,1
Entire condominium in XVI Arrondissement,Entire condominium,XVI Arrondissement,Cozy apartment near the Eiffel Tower-Champs Elysee,4.86,7,2360,1417,943,2,1,Bedroom,1
Entire house in Savigny-sur-Orge,Entire house,Savigny-sur-Orge,D√©pendance 10min Orly/House 10min Orly airport,4.95,40,1488,1150,338,2,1,Bedroom,1
Entire apartment in Bondy,Entire apartment,Bondy,Appartement  3 pi√®ces dans Maison avec Jardin.,4.93,28,2742,1855,887,4,2,Bedroom,2
Entire apartment in Saint-Germain-des-Pr√©s - Od√©on,Entire apartment,Saint-Germain-des-Pr√©s - Od√©on,Saint Germain des Pr√©s in Paris !,4.65,156,5730,2215,3515,4,1,Bedroom,1
Entire apartment in Champs-Elys√©es,Entire apartment,Champs-Elys√©es,CHAMPS ELYSEES APARTMENT,4.8,307,6603,3981,2622,4,1,Bedroom,2
Entire apartment in XVII Arrondissement,Entire apartment,XVII Arrondissement,Beau 2 pi√®ces moderne aux portes de Paris,4.88,8,2741,2017,724,2,1,Bedroom,1
Entire apartment in Quartier Latin,Entire apartment,Quartier Latin,LOVELY FLAT IN QUARTIER LATIN,4.39,46,1922,1922,0,2,1,Bedroom,2
Entire apartment in XVI Arrondissement,Entire apartment,XVI Arrondissement,Charming studio in the 16th arrondissement,4.1,10,1960,1280,680,2,0,Studio,1
Entire apartment in VII Arrondissement,Entire apartment,VII Arrondissement,Charming duplex in front of Orsay museum,4.66,77,9599,3207,6392,4,1,Bedroom,2
Entire apartment in Montmartre,Entire apartment,Montmartre,Charming Apartment Moulin Rouge / Rue Lepic,4.67,3,5022,2223,2799,4,1,Bedroom,1
Entire apartment in Clichy,Entire apartment,Clichy,Bright and modern 1 bed apt in Clichy (City Hall),4.73,12,2666,1710,956,2,1,Bedroom,1
Entire apartment in Porte de Versailles,Entire apartment,Porte de Versailles,2 rooms apartment (10 minutes Porte de Versailles),4.67,95,1905,1905,0,2,1,Bedroom,1
Entire apartment in I Arrondissement,Entire apartment,I Arrondissement,Studio 2 mins. walk from Louvre,4.76,94,3930,2095,1835,2,1,Bedroom,2
Entire apartment in I Arrondissement,Entire apartment,I Arrondissement,60% discount!Charmful flat facing a gothic church,4.85,150,3828,3473,355,4,1,Bedroom,2
Entire apartment in XIX Arrondissement,Entire apartment,XIX Arrondissement,"Appartemt T2 √† neuf, Porte de Pantin, M√©tro Hoche",4.88,8,1727,1727,0,2,1,Bedroom,1
Entire apartment in XIX Arrondissement,Entire apartment,XIX Arrondissement,Charming 1 bedroom apartment in Paris XIX,0,0,1786,1556,230,2,0,Studio,1
Entire apartment in IV Arrondissement,Entire apartment,IV Arrondissement,"Marais Chic 2 Bed 2 Bath, AC in the bedrooms!",4.9,62,8933,4924,4009,6,2,Bedroom,4
Entire guesthouse in Orsay,Entire guesthouse,Orsay,"Little house with terrace, Orsay",4.79,115,1841,1521,320,2,1,Bedroom,1
Entire apartment in I Arrondissement,Entire apartment,I Arrondissement,1 Bedroom Mediterranean-Style Apartment - Louvre,4.96,28,3568,3568,0,4,1,Bedroom,2
Entire loft in Tour Eiffel - Champ de Mars,Entire loft,Tour Eiffel - Champ de Mars,Modern Loft near Eiffel Tower,4.66,188,9838,4086,5752,4,1,Bedroom,2
Entire apartment in XI Arrondissement,Entire apartment,XI Arrondissement,Stunning Luxurious Apartment 4P - Le Marais,4.58,45,4774,3316,1458,4,1,Bedroom,2
Entire apartment in I Arrondissement,Entire apartment,I Arrondissement,Charmant studio au coeur de Paris,4.36,42,2822,1827,995,2,1,Bedroom,1
Entire apartment in La Villette,Entire apartment,La Villette,Apt in height on the CANAL - VIEW on all PARIS,0,0,1959,1959,0,4,1,Bedroom,2
Entire apartment in Vincennes,Entire apartment,Vincennes,Lovely appartment 10min metro from Paris Center,4.51,73,2497,1552,945,4,1,Bedroom,1
Private room in IV Arrondissement,Private room,IV Arrondissement,LUXURY APARTMENT - LE MARAIS,4.85,93,2776,2545,231,2,1,Bedroom,1
Entire apartment in Champs-sur-Marne,Entire apartment,Champs-sur-Marne,Cosy appartement - Paris & Disneyland,4.73,15,2070,1722,348,5,2,Bedroom,2
Entire apartment in Buttes-Chaumont - Belleville,Entire apartment,Buttes-Chaumont - Belleville,Great bright cosy flat in Gambetta,4.87,144,1962,1377,585,3,2,Bedroom,2
Entire apartment in XI Arrondissement,Entire apartment,XI Arrondissement,"Charming duplex for 4, at Paris Centre Bastille",4.67,21,2237,2237,0,4,1,Bedroom,2
Entire apartment in II Arrondissement,Entire apartment,II Arrondissement,Studio 2P avec terasse -Clery MOBILITY LEASE,0,0,1767,1455,312,2,0,Studio,1
Entire apartment in XVI Arrondissement,Entire apartment,XVI Arrondissement,Beau 2 pi√®ces quartier Trocad√©ro Champs Elys√©es,0,0,2572,2572,0,2,1,Bedroom,1
Entire apartment in XVIII Arrondissement,Entire apartment,XVIII Arrondissement,"Cosy studio, green quiet backyard close fleamarket",4.97,30,2295,1248,1047,2,1,Bedroom,1
Entire apartment in Saint-Germain-des-Pr√©s - Od√©on,Entire apartment,Saint-Germain-des-Pr√©s - Od√©on,Sublime apartment near Orsay museum,4.56,32,8011,2677,5334,4,1,Bedroom,2
Entire apartment in Saint-Germain-des-Pr√©s - Od√©on,Entire apartment,Saint-Germain-des-Pr√©s - Od√©on,Studio Od√©on St Andr√© des Arts - mobility lease,0,0,2601,2388,213,2,0,Studio,1
Entire apartment in IX Arrondissement,Entire apartment,IX Arrondissement,Typical Parisian apartment close to Sacr√©-Coeur,4.56,109,2103,1747,356,3,0,Studio,2
Entire apartment in Saint-Germain-des-Pr√©s - Od√©on,Entire apartment,Saint-Germain-des-Pr√©s - Od√©on,Unit 011 St Germain des Pr√®s (Seine) Studio 3 pax,3.8,5,5502,2040,3462,3,0,Studio,1
Entire apartment in II Arrondissement,Entire apartment,II Arrondissement,Studio Place Vendome / Opera,0,0,1312,1312,0,2,0,Studio,1
Entire apartment in Montreuil,Entire apartment,Montreuil,Appartement aux portes de Paris,5,4,2426,1574,852,4,1,Bedroom,1
Entire apartment in Paris,Entire apartment,Paris,Cosy Boulevard Saint Germain Odeon STUDIO,0,0,2534,1831,703,2,0,Studio,1
Entire apartment in I Arrondissement,Entire apartment,I Arrondissement,Louvre - Richelieu: cosy flat for 2,3.56,9,2647,1516,1131,2,0,Studio,1
Entire apartment in Le Marais,Entire apartment,Le Marais,Cute & cosy studio in le Marais Hotel de Ville 2P,4.6,212,4881,2097,2784,2,1,Bedroom,1
Entire apartment in P√®re Lachaise - M√©nilmontant,Entire apartment,P√®re Lachaise - M√©nilmontant,GAMBETTA 1 P√àRE LACHAISE IN PARIS  4pax /30m m√©tro,0,0,1900,1900,0,4,1,Bedroom,0
Entire apartment in Saint-Germain-des-Pr√©s - Od√©on,Entire apartment,Saint-Germain-des-Pr√©s - Od√©on,"Design, quiet, central with terrace",4.55,12,17887,4703,13184,4,2,Bedroom,2
Entire apartment in Montmartre,Entire apartment,Montmartre,Confortable chic et charmant √† Montmartre,4.78,27,3467,2563,904,4,1,Bedroom,2
Entire apartment in Ch√¢telet - Les Halles - Beaubourg,Entire apartment,Ch√¢telet - Les Halles - Beaubourg,DUPLEX GAMAY,0,0,7011,3368,3643,4,2,Bedroom,3
Private room in Montmartre,Private room,Montmartre,Eco-friendly bedroom in Montmartre Village,0,0,2210,1130,1080,2,1,Bedroom,1
Entire apartment in VIII Arrondissement,Entire apartment,VIII Arrondissement,Splendid Haussmann Flat,4.64,69,4822,3353,1469,6,2,Bedroom,3
Entire apartment in XIII Arrondissement,Entire apartment,XIII Arrondissement,Cozy  house---free private parking 5mins walk,0,0,2688,2109,579,4,1,Bedroom,2
Entire apartment in Le Marais,Entire apartment,Le Marais,Comme une maison avec terrasse ...,4.89,66,4070,2815,1255,4,1,Bedroom,0
Entire apartment in Tour Eiffel - Champ de Mars,Entire apartment,Tour Eiffel - Champ de Mars,Eiffel Towel sublime apartment,4.41,54,8141,2477,5664,4,1,Bedroom,2
Entire apartment in Montmartre,Entire apartment,Montmartre,Design apartment near MONTMARTE,5,5,2122,2122,0,4,1,Bedroom,2
Entire apartment in IX Arrondissement,Entire apartment,IX Arrondissement,Apartment in the center of paris,4.26,31,2032,1500,532,2,0,Studio,1
Entire apartment in X Arrondissement,Entire apartment,X Arrondissement,Chez Bianca‚ÄîCentral Retreat in Romantic Canal St. Martin,4.81,100,2392,2392,0,2,0,Studio,2
Entire loft in Montmartre,Entire loft,Montmartre,SLOTH LOFT MONTMARTRE - Freshly refurbished...,4.93,137,4798,3545,1253,6,1,Bedroom,1
Entire apartment in II Arrondissement,Entire apartment,II Arrondissement,Luxury duplex in the center of Paris - Best area,4.88,8,3617,2611,1006,4,0,Studio,2
Hotel room in XVIII Arrondissement,Hotel room,XVIII Arrondissement,Play Two - Trendy room,4.64,309,2111,1107,1004,2,1,Bedroom,1
Entire apartment in X Arrondissement,Entire apartment,X Arrondissement,ELEGANT  FLAT  IN THE HEART OF PARIS  / LA FAYETTE,4.93,46,3493,3005,488,6,2,Bedroom,4
Entire apartment in P√®re Lachaise - M√©nilmontant,Entire apartment,P√®re Lachaise - M√©nilmontant,Appartement with light and a magnificent view,4.86,16,2628,1946,682,4,2,Bedroom,1
Entire condominium in Le Chesnay,Entire condominium,Le Chesnay,"Studio √† Le Chesnay, proche Versailles",4.43,7,1583,1228,355,2,1,Bedroom,1
Entire apartment in IX Arrondissement,Entire apartment,IX Arrondissement,Menez la grande vie parisienne dans le studio d'un h√¥tel particulier,4.73,62,2361,2361,0,2,0,Studio,1
Entire apartment in XVI Arrondissement,Entire apartment,XVI Arrondissement,Appartement en r√©sidence √† proximit√© de la D√©fense,0,0,2310,1919,391,2,1,Bedroom,1
Entire apartment in XVIII Arrondissement,Entire apartment,XVIII Arrondissement,"Charmant 2pcs ouvert, √©quip√© direct Montparnasse !",4.35,44,2782,1451,1331,3,0,Studio,1
Entire condominium in XVI Arrondissement,Entire condominium,XVI Arrondissement,Sunny and spacious studio with a terrace!,4.81,42,2285,1790,495,2,0,Studio,2
Entire apartment in II Arrondissement,Entire apartment,II Arrondissement,City  Center/Typical Old Parisian Apartement,4.95,19,3802,3159,643,4,2,Bedroom,2
Entire apartment in I Arrondissement,Entire apartment,I Arrondissement,Eiffel Tower view/Apartment in the heart of Paris,4.94,18,2859,1989,870,4,0,Studio,2
Entire apartment in II Arrondissement,Entire apartment,II Arrondissement,Modern apartment near Chatelet,4.46,13,6378,3083,3295,4,1,Bedroom,2
Entire apartment in X Arrondissement,Entire apartment,X Arrondissement,"R√©publique , canal st Martin , grands boulevards",4.72,43,4611,1841,2770,2,0,Studio,1
Entire apartment in IX Arrondissement,Entire apartment,IX Arrondissement,Stunning Studio-Center of PARIS -Madeleine-opera.,0,0,2444,1836,608,2,0,Studio,2
Entire apartment in Ch√¢telet - Les Halles - Beaubourg,Entire apartment,Ch√¢telet - Les Halles - Beaubourg,New le Marais central /3 in Paris,4.91,11,4765,3319,1446,4,1,Bedroom,2
Entire apartment in VIII Arrondissement,Entire apartment,VIII Arrondissement,Sublime Studio Haussmann Op√©ra,4.33,3,4093,1757,2336,2,0,Studio,1
Entire apartment in XIV Arrondissement,Entire apartment,XIV Arrondissement,Appartement calme sur cour proche Montparnasse,5,15,3045,2246,799,2,1,Bedroom,1
Entire apartment in XI Arrondissement,Entire apartment,XI Arrondissement,‚òÖ Sunny Studio near Canal St Martin,4.84,74,2386,1768,618,3,1,Bedroom,4
Entire apartment in Alfortville,Entire apartment,Alfortville,Cozy appartement near Paris Metro 8 RER D,4.67,21,2099,1739,360,4,1,Bedroom,2
Entire apartment in Montmartre,Entire apartment,Montmartre,Quaint Apartment with Rooftop views of Montmarte,4.18,17,1716,1716,0,2,1,Bedroom,2
Entire apartment in I Arrondissement,Entire apartment,I Arrondissement,Calm & new 1 BR apartment 5@ Louvre Saint-Honor√©,5,5,3616,2510,1106,2,1,Bedroom,1
Entire apartment in Buttes-Chaumont - Belleville,Entire apartment,Buttes-Chaumont - Belleville,La campagne au coeur de Paris !,5,5,2916,1585,1331,4,1,Bedroom,1
Entire apartment in II Arrondissement,Entire apartment,II Arrondissement,Studio dans les passages couverts,4.14,14,2592,1514,1078,2,1,Bedroom,1
Private room in Saint-Denis,Private room,Saint-Denis,Chambre sur Saint Denis a deux pas RER Metro Tram,4.67,3,1006,739,267,2,1,Bedroom,1
Entire apartment in Champigny-sur-Marne,Entire apartment,Champigny-sur-Marne,Cocooning,4.69,153,2270,1879,391,4,1,Bedroom,4
Room in boutique hotel in X Arrondissement,Room in boutique hotel,X Arrondissement,Cosy room in the  liveliest 10th district,5,3,3248,1356,1892,2,1,Bedroom,1
Entire apartment in IX Arrondissement,Entire apartment,IX Arrondissement,F2 familial quartier Op√©ra-Grands Magasins Paris9¬∞,4.7,33,3141,1842,1299,4,1,Bedroom,3
Entire apartment in I Arrondissement,Entire apartment,I Arrondissement,Elegance Pompidou Sebastopol,4.44,16,6972,2507,4465,4,1,Bedroom,2
Entire apartment in I Arrondissement,Entire apartment,I Arrondissement,Large bright central apartment (Ch√¢telet),4.89,20,2840,2840,0,4,1,Bedroom,2
Entire condominium in Batignolles,Entire condominium,Batignolles,Appartement chaleureux aux portes de Paris,4.87,16,2512,2193,319,3,1,Bedroom,2
Entire apartment in Pontoise,Entire apartment,Pontoise,Studio Cosy Pontoise,4.91,137,1769,1379,390,2,0,Studio,1
Entire apartment in Invalides - Ecole Militaire,Entire apartment,Invalides - Ecole Militaire,Stunning Apartment near Eiffel Tower,4.57,72,3602,2957,645,4,1,Bedroom,2
Entire apartment in V Arrondissement,Entire apartment,V Arrondissement,Beautiful apt near Pantheon and Luxembourg Garden,4.67,6,3075,2225,850,2,1,Bedroom,1
Entire condominium in I Arrondissement,Entire condominium,I Arrondissement,Designer's home in Ch√¢telet,0,0,3637,2291,1346,4,0,Studio,2
Entire apartment in IX Arrondissement,Entire apartment,IX Arrondissement,Cozy Yello Studio,4.69,13,2197,1408,789,4,0,Studio,2
Entire apartment in IX Arrondissement,Entire apartment,IX Arrondissement,MODERNE AND BRIGHT APARTMENT - NEAR GRANDS BOULEVARDS,4.67,24,3650,1913,1737,3,1,Bedroom,2
Entire apartment in X Arrondissement,Entire apartment,X Arrondissement,Cozy Studio near Canal Saint Martin,4.56,82,2262,1777,485,2,0,Studio,1
Entire apartment in I Arrondissement,Entire apartment,I Arrondissement,Louvre Palais Royal Bail mobilit√©,5,3,6881,4101,2780,2,1,Bedroom,1
Entire apartment in XI Arrondissement,Entire apartment,XI Arrondissement,Chic flat for 4P in the heart of Paris,3.83,12,2076,1826,250,4,1,Bedroom,2
Entire apartment in Ternes,Entire apartment,Ternes,Superb Studio - Architect Designed - Paris Ternes,0,0,1445,1445,0,2,0,Studio,1
Entire apartment in Le Marais,Entire apartment,Le Marais,AMAZING VIEW OF THE PICASSO MUSEUM,4.22,191,2165,1649,516,2,1,Bedroom,1
Entire condominium in XVIII Arrondissement,Entire condominium,XVIII Arrondissement,Cozy full equipped studio Montmartre direct center,4.33,3,2600,1357,1243,2,0,Studio,1
Entire apartment in Charenton-le-Pont,Entire apartment,Charenton-le-Pont,2 pieces 38m2 avec terrain privatif,4.88,41,2281,1560,721,4,1,Bedroom,1
Entire apartment in VIII Arrondissement,Entire apartment,VIII Arrondissement,Lovely Home in Champs Elys√©es - With AC,0,0,3139,2257,882,2,1,Bedroom,1
Entire apartment in Clichy,Entire apartment,Clichy,"Bel appartement avec balcon,parking optionnel",4.65,113,1865,1581,284,4,1,Bedroom,1
Entire apartment in XVI Arrondissement,Entire apartment,XVI Arrondissement,Nice & Cosy a few minutes from Trocadero 4 P,4.67,42,9153,4158,4995,4,2,Bedroom,2
Entire apartment in La Villette,Entire apartment,La Villette,Sweet Home Paris~Vesle,4.62,89,2368,2155,213,4,1,Bedroom,2
Entire apartment in Le Marais,Entire apartment,Le Marais,Lovely apartment in Le Marais,0,0,2350,2031,319,2,1,Bedroom,1
Entire apartment in XII Arrondissement,Entire apartment,XII Arrondissement,Love in Paris near Gare de Lyon,5,3,2917,1515,1402,2,1,Bedroom,1
Entire apartment in XVIII Arrondissement,Entire apartment,XVIII Arrondissement,Beautiful studio - 20' walking from Montmartre,4.59,32,2373,1308,1065,2,0,Studio,1
Entire apartment in II Arrondissement,Entire apartment,II Arrondissement,Apartment in the heart of Paris,4.43,349,2806,1948,858,2,0,Studio,1
Entire apartment in Puteaux,Entire apartment,Puteaux,A Night With A View,4.88,235,2635,1943,692,2,0,Studio,1
Entire apartment in XVII Arrondissement,Entire apartment,XVII Arrondissement,Grand souplex de standing Paris 17,0,0,3231,3231,0,6,2,Bedroom,3
Entire apartment in XVI Arrondissement,Entire apartment,XVI Arrondissement,Joli Studio avec vue imprenable sur la Tour Eiffel,0,0,2499,1961,538,2,1,Bedroom,1
Entire house in XIV Arrondissement,Entire house,XIV Arrondissement,üå≥ Small house with garden - 2 pers üå≥,4.83,42,3170,2471,699,2,1,Bedroom,1
Entire condominium in P√®re Lachaise - M√©nilmontant,Entire condominium,P√®re Lachaise - M√©nilmontant,R√©union Paris 20√® / P√®re-Lachaise / BAIL MOBILIT√â,4.8,5,2150,1750,400,2,0,Studio,1
Entire apartment in II Arrondissement,Entire apartment,II Arrondissement,Charming Studio Center of Paris-Montorgueil,0,0,1462,1462,0,2,0,Studio,1
Entire apartment in II Arrondissement,Entire apartment,II Arrondissement,So cute typical french apartment,4.56,241,2407,1674,733,2,0,Studio,1
Entire apartment in I Arrondissement,Entire apartment,I Arrondissement,Louvre Rivoli,4.8,40,4724,2846,1878,2,1,Bedroom,1
Entire apartment in Porte de Versailles,Entire apartment,Porte de Versailles,"Studio tout confort, proche Porte de Versailles",4.92,49,2420,1675,745,2,1,Bedroom,1
Entire apartment in IX Arrondissement,Entire apartment,IX Arrondissement,PARIS 10 - Design apartment for 4,4.92,24,3748,2097,1651,2,1,Bedroom,1
Entire apartment in II Arrondissement,Entire apartment,II Arrondissement,Louvre Opera Private,4.74,93,2824,2824,0,6,2,Bedroom,3
Entire apartment in R√©publique,Entire apartment,R√©publique,Charming studio Le Marais,0,0,1923,1683,240,3,0,Studio,2
Entire apartment in La Villette,Entire apartment,La Villette,Cosy appartement aux portes de Paris,5,3,1890,1602,288,3,1,Bedroom,1
Entire apartment in XI Arrondissement,Entire apartment,XI Arrondissement,Wonderful in Paris!,0,0,2174,1808,366,4,0,Studio,2
Entire apartment in IX Arrondissement,Entire apartment,IX Arrondissement,Beautiful Duplex Apt - 5 mins to Grand Rex,3,3,2076,2076,0,4,1,Bedroom,2
Hotel room in IX Arrondissement,Hotel room,IX Arrondissement,Secret room in the heart of Paris,4.71,32,2932,1466,1466,2,1,Bedroom,1
Entire apartment in X Arrondissement,Entire apartment,X Arrondissement,Studio tr√®s spacieux et calme sur jardin √† Paris,4.78,100,2521,2090,431,2,1,Bedroom,1
Entire apartment in XVI Arrondissement,Entire apartment,XVI Arrondissement,Parisian chic at Trocadero,4.87,93,3634,2853,781,4,1,Bedroom,2
Entire apartment in Pantin,Entire apartment,Pantin,Refurbished apt near the ourcq canal - Professional Cleaning,0,0,2198,1391,807,3,0,Studio,0
Entire apartment in II Arrondissement,Entire apartment,II Arrondissement,Centre ville Marais: beau 2 pi√®ces sous les toits,4.88,17,3161,1798,1363,4,1,Bedroom,2
Entire apartment in XVI Arrondissement,Entire apartment,XVI Arrondissement,Plein coeur de Paris,0,0,1614,1614,0,3,0,Studio,2
Entire apartment in Ternes,Entire apartment,Ternes,50sqm Apartment near Champs √âlys√©es area,4.65,40,5788,2982,2806,4,1,Bedroom,2
Entire apartment in XI Arrondissement,Entire apartment,XI Arrondissement,Luxury Studio Bastille BAIL MOBILIT√â POSSIBLE 57‚Ç¨,4.65,86,5426,2520,2906,4,0,Studio,2
Entire apartment in XI Arrondissement,Entire apartment,XI Arrondissement,Joli appart de 2 pi√®ces √† 2 pas du P√®re Lachaise,5,8,2284,1893,391,2,1,Bedroom,1
Entire apartment in Nation,Entire apartment,Nation,Nice & spacious apt in NATION - Professional Cleaning,4.05,139,3960,2349,1611,4,1,Bedroom,3
Entire apartment in XIII Arrondissement,Entire apartment,XIII Arrondissement,Lovely 40 sqm appartment with balcony,5,10,2607,2607,0,2,1,Bedroom,1
Entire apartment in XI Arrondissement,Entire apartment,XI Arrondissement,"Studette sous le toit Parisien,pr√®s de Bastille",5,5,1460,1149,311,2,1,Bedroom,1
Entire apartment in II Arrondissement,Entire apartment,II Arrondissement,"Beautiful, equipped studio",4.84,113,2064,1532,532,2,1,Bedroom,2
Entire apartment in Ch√¢telet - Les Halles - Beaubourg,Entire apartment,Ch√¢telet - Les Halles - Beaubourg,Studio in Le Marais‚ÄìSteps from Chatelet Les Halles,4.71,7,2517,2263,254,2,1,Bedroom,1
Entire apartment in X Arrondissement,Entire apartment,X Arrondissement,Charmant studio+balcon Gare du Nord -bail mobilit√©,4.75,4,2268,1473,795,2,0,Studio,1
Entire apartment in XIX Arrondissement,Entire apartment,XIX Arrondissement,Apartment with a view over Paris,4.78,138,2414,2095,319,5,2,Bedroom,2
Entire apartment in IV Arrondissement,Entire apartment,IV Arrondissement,Atelier des Vosges,0,0,3038,3038,0,4,1,Bedroom,2
Entire apartment in I Arrondissement,Entire apartment,I Arrondissement,Fully equipped studio in the heart of Paris !,4.48,294,2882,2133,749,2,1,Bedroom,1
Entire apartment in IV Arrondissement,Entire apartment,IV Arrondissement,Charming and cosy apartment - Le Marais/Beaubourg,0,0,3219,3219,0,6,2,Bedroom,2
Entire apartment in Saint-Germain-des-Pr√©s - Od√©on,Entire apartment,Saint-Germain-des-Pr√©s - Od√©on,Outstanding Luxury Flat 4P-Boulevard Saint Germain,4.71,28,5939,4658,1281,4,1,Bedroom,2
Entire apartment in Le Marais,Entire apartment,Le Marais,‚ù§Ô∏èAppartement luxueux en plein coeur du Marais!!‚ù§Ô∏è,4.93,29,4139,3189,950,4,1,Bedroom,2
Entire apartment in Le Marais,Entire apartment,Le Marais,ID 96 Place des Vosges Bastille,4.37,41,5732,2381,3351,3,0,Studio,3
Entire apartment in XVI Arrondissement,Entire apartment,XVI Arrondissement,La Muette/Passy - The Blue Flat,4.31,126,2739,2257,482,4,0,Studio,2
Hotel room in Montparnasse,Hotel room,Montparnasse,Spacious Parisian room - Strong Hygiene Measures,4.43,7,4210,1680,2530,2,1,Bedroom,1
Entire apartment in X Arrondissement,Entire apartment,X Arrondissement,Typical Parisian Flat 6P- Republique / High Marais,4.73,11,4910,3504,1406,6,2,Bedroom,3
